100,0.021899,154
200,0.046451,158
300,0.062379,153
400,0.089149,192
500,0.114255,154
600,0.136842,190
700,0.166164,169
800,0.193058,191
900,0.258413,200
1000,0.28944,185
1100,0.318567,162
1200,0.337431,175
1300,0.356326,159
1400,0.373657,185
1500,0.398287,162
1600,0.41814,185
1700,0.451803,173
1800,0.481854,164
1900,0.509484,155
2000,0.533418,155
2100,0.559604,197
2200,0.590618,176
2300,0.622526,188
2400,0.645917,187
2500,0.683073,168
2600,0.729415,185
2700,0.752591,184
2800,0.771377,185
2900,0.79307,164
3000,0.810989,192
3100,0.837039,155
3200,0.857636,190
3300,0.915555,188
3400,0.945658,154
3500,0.979562,189
3600,1.00547,182
3700,1.03457,197
3800,1.06079,163
3900,1.08592,181
4000,1.10664,154
4100,1.13806,189
4200,1.18952,187
4300,1.21401,185
4400,1.24169,170
4500,1.26181,154
4600,1.28201,170
4700,1.30597,163
4800,1.33301,155
4900,1.38227,154
5000,1.43433,191
5100,1.47391,182
5200,1.48593,160
5300,1.50722,191
5400,1.53001,154
5500,1.54939,185
5600,1.56962,184
5700,1.60218,189
5800,1.66127,194
5900,1.69495,179
6000,1.71388,190
6100,1.7374,154
6200,1.76127,184
6300,1.79104,164
6400,1.8154,191
6500,1.84954,177
6600,1.88764,174
6700,1.91839,190
6800,1.94167,164
6900,1.96364,197
7000,1.98489,176
7100,2.00438,152
7200,2.02773,188
7300,2.05222,164
7400,2.0985,170
7500,2.154,150
7600,2.16951,167
7700,2.20251,189
7800,2.2279,164
7900,2.24654,152
8000,2.26581,186
8100,2.2955,150
8200,2.35406,162
8300,2.37164,191
8400,2.41129,186
8500,2.43078,191
8600,2.45968,164
8700,2.50161,168
8800,2.54343,174
8900,2.57129,182
9000,2.64411,197
9100,2.66884,170
9200,2.69429,157
9300,2.71753,163
9400,2.74169,155
9500,2.75776,190
9600,2.78442,177
9700,2.80722,191
9800,2.87294,158
9900,2.92133,190
10000,2.9401,194
10100,2.96815,194
10200,2.99387,182
10300,3.01449,188
10400,3.03905,187
10500,3.05983,181
10600,3.10495,168
10700,3.14663,170
10800,3.17522,162
10900,3.20146,185
11000,3.21798,154
11100,3.23384,188
11200,3.26182,197
11300,3.28647,164
11400,3.3484,185
11500,3.39291,181
11600,3.41635,170
11700,3.43968,153
11800,3.45888,191
11900,3.48299,174
12000,3.50718,164
12100,3.53224,184
12200,3.56799,176
12300,3.59605,190
12400,3.6376,150
12500,3.66298,181
12600,3.69217,159
12700,3.72121,167
12800,3.74536,163
12900,3.76524,200
13000,3.79247,182
13100,3.85501,154
13200,3.87107,190
13300,3.89354,182
13400,3.91062,167
13500,3.93601,191
13600,3.96258,197
13700,3.98658,174
13800,4.04583,169
13900,4.09157,181
14000,4.13035,162
14100,4.14776,185
14200,4.16946,173
14300,4.18961,174
14400,4.21442,170
14500,4.2397,154
14600,4.26333,179
14700,4.30812,186
14800,4.349,185
14900,4.38768,195
15000,4.40378,162
15100,4.43765,197
15200,4.46167,170
15300,4.47819,175
15400,4.5018,195
15500,4.56182,152
15600,4.58009,184
15700,4.62175,185
15800,4.64279,155
15900,4.66927,185
16000,4.69171,150
16100,4.7155,188
16200,4.75083,170
16300,4.80338,191
16400,4.84438,170
16500,4.86284,168
16600,4.9068,193
16700,4.92203,162
16800,4.94827,167
16900,4.97006,197
17000,4.99844,197
17100,5.05114,170
17200,5.08265,182
17300,5.11443,191
17400,5.14516,154
17500,5.15937,187
17600,5.18534,170
17700,5.2091,152
17800,5.22773,152
17900,5.30234,197
18000,5.32574,197
18100,5.35785,188
18200,5.3744,197
18300,5.39057,152
18400,5.42545,163
18500,5.45543,188
18600,5.47932,170
18700,5.52375,154
18800,5.56535,188
18900,5.59497,181
19000,5.61649,155
19100,5.6385,186
19200,5.65356,155
19300,5.67459,189
19400,5.69201,160
19500,5.75668,170
19600,5.79171,153
19700,5.82388,155
19800,5.84636,193
19900,5.87154,175
20000,5.89601,185
20100,5.91584,170
20200,5.93314,152
20300,5.98018,191
20400,6.01943,159
20500,6.06118,163
20600,6.08042,200
20700,6.10266,182
20800,6.13707,186
20900,6.16315,185
21000,6.18821,184
21100,6.23096,186
21200,6.2683,193
21300,6.30416,177
21400,6.32231,194
21500,6.34445,191
21600,6.36738,180
21700,6.39495,150
21800,6.42139,170
21900,6.45646,180
22000,6.53008,153
22100,6.54244,185
22200,6.56356,162
22300,6.59222,172
22400,6.6235,160
22500,6.66362,170
22600,6.68703,187
22700,6.71676,197
22800,6.76975,188
22900,6.80306,197
23000,6.83034,179
23100,6.86283,189
23200,6.88202,186
23300,6.90244,155
23400,6.91587,152
23500,6.95239,180
23600,6.99375,198
23700,7.02552,189
23800,7.05199,185
23900,7.07526,163
24000,7.09877,188
24100,7.13572,162
24200,7.16325,185
24300,7.19436,194
24400,7.24333,154
24500,7.27047,169
24600,7.29487,184
24700,7.31815,172
24800,7.36276,164
24900,7.39278,154
25000,7.43048,186
25100,7.45929,154
25200,7.50264,152
25300,7.54592,188
25400,7.56892,177
25500,7.58718,150
25600,7.60661,192
25700,7.63111,174
25800,7.65565,185
25900,7.68618,169
26000,7.75381,195
26100,7.7901,181
26200,7.81611,154
26300,7.83849,170
26400,7.86183,188
26500,7.88161,181
26600,7.90358,184
26700,7.92921,185
26800,7.96934,188
26900,8.00742,190
27000,8.03802,187
27100,8.07164,191
27200,8.09393,164
27300,8.11165,189
27400,8.13591,155
27500,8.15682,185
27600,8.1972,177
27700,8.23794,170
27800,8.25946,167
27900,8.28528,193
28000,8.31968,154
28100,8.34524,189
28200,8.36755,192
28300,8.38717,163
28400,8.42319,155
28500,8.47365,155
28600,8.51045,185
28700,8.53827,184
28800,8.55853,174
28900,8.57984,154
29000,8.61372,185
29100,8.63797,190
29200,8.69449,179
29300,8.72229,184
29400,8.75821,195
29500,8.77478,189
29600,8.79408,155
29700,8.82028,154
29800,8.83379,174
29900,8.85937,185
30000,8.9212,155
30100,8.95605,155
30200,8.99946,193
30300,9.01428,191
30400,9.04178,191
30500,9.06804,192
30600,9.08553,173
30700,9.1018,191
30800,9.14933,197
30900,9.18016,157
31000,9.23249,200
31100,9.27558,185
31200,9.30762,162
31300,9.32538,155
31400,9.3549,188
31500,9.37781,164
31600,9.43689,176
31700,9.47972,163
31800,9.52099,174
31900,9.53934,164
32000,9.56827,188
32100,9.58966,179
32200,9.61336,184
32300,9.6426,152
32400,9.67717,193
32500,9.71522,187
32600,9.76309,162
32700,9.78957,185
32800,9.81216,177
32900,9.83461,190
33000,9.87804,170
33100,9.92743,150
33200,9.95755,181
33300,10.0292,168
33400,10.0491,185
33500,10.0717,164
33600,10.0927,177
33700,10.1191,200
33800,10.1501,170
33900,10.1862,197
34000,10.2182,169
34100,10.2702,155
34200,10.3071,154
34300,10.3405,197
34400,10.3649,155
34500,10.3894,154
34600,10.4144,181
34700,10.4429,185
34800,10.4818,188
34900,10.5162,159
35000,10.5597,176
35100,10.6024,170
35200,10.6173,200
35300,10.6397,154
35400,10.6541,185
35500,10.6812,154
35600,10.7259,195
35700,10.7716,179
35800,10.8199,162
35900,10.8383,181
36000,10.8579,175
36100,10.8735,188
36200,10.9063,183
36300,10.9265,164
36400,10.9553,170
36500,11.0054,191
36600,11.0686,193
36700,11.1077,160
36800,11.1458,150
36900,11.2007,187
37000,11.2372,186
37100,11.2842,180
37200,11.3317,155
37300,11.3814,154
37400,11.4037,154
37500,11.4299,182
37600,11.4646,154
37700,11.4875,197
37800,11.5117,155
37900,11.5434,200
38000,11.5705,198
38100,11.6314,170
38200,11.6515,188
38300,11.6911,164
38400,11.7149,176
38500,11.7366,172
38600,11.7726,191
38700,11.8103,176
38800,11.8292,200
38900,11.8785,197
39000,11.9132,197
39100,11.9425,181
39200,11.9663,198
39300,11.9914,185
39400,12.0257,157
39500,12.0458,152
39600,12.079,155
39700,12.138,197
39800,12.1744,168
39900,12.2058,169
40000,12.2286,152
40100,12.2594,181
40200,12.2915,197
40300,12.3253,184
40400,12.3596,194
40500,12.4137,179
40600,12.4408,154
40700,12.4805,170
40800,12.503,187
40900,12.5267,159
41000,12.5491,162
41100,12.5818,193
41200,12.6094,197
41300,12.6378,181
41400,12.6759,154
41500,12.7029,163
41600,12.7227,152
41700,12.7467,185
41800,12.7817,197
41900,12.8222,197
42000,12.8467,172
42100,12.8951,170
42200,12.931,159
42300,12.9626,184
42400,12.989,195
42500,13.0095,168
42600,13.026,176
42700,13.0675,186
42800,13.0984,186
42900,13.1297,176
43000,13.1901,185
43100,13.2124,188
43200,13.2447,191
43300,13.2882,150
43400,13.3287,164
43500,13.3443,159
43600,13.3726,186
43700,13.4106,154
43800,13.4527,152
43900,13.4904,185
44000,13.5096,200
44100,13.533,153
44200,13.5739,162
44300,13.605,194
44400,13.6225,197
44500,13.6445,192
44600,13.6971,154
44700,13.7229,155
44800,13.7485,182
44900,13.7826,186
45000,13.8263,169
45100,13.8473,176
45200,13.8782,169
45300,13.9053,197
45400,13.949,177
45500,13.9692,180
45600,14.0042,170
45700,14.0357,197
45800,14.0554,182
45900,14.0825,176
46000,14.0973,155
46100,14.1294,179
46200,14.1596,170
46300,14.1995,154
46400,14.2223,200
46500,14.2555,188
46600,14.2877,197
46700,14.2971,170
46800,14.3177,190
46900,14.3444,174
47000,14.3854,188
47100,14.4099,197
47200,14.4107,152
47300,14.4453,188
47400,14.4632,152
47500,14.4778,197
47600,14.4875,190
47700,14.5158,153
47800,14.5439,176
47900,14.5798,197
48000,14.6182,164
48100,14.6379,159
48200,14.6477,152
48300,14.6756,184
48400,14.6887,190
48500,14.7115,152
48600,14.7513,157
48700,14.8,164
48800,14.8264,155
48900,14.8579,187
49000,14.8864,170
49100,14.9176,158
49200,14.9382,193
49300,14.9544,158
49400,15.0002,187
49500,15.0307,155
49600,15.045,191
49700,15.0751,170
49800,15.1023,190
49900,15.1593,153
50000,15.1709,190
50100,15.1773,194
50200,15.2122,193
50300,15.2534,200
50400,15.2779,177
50500,15.2969,185
50600,15.3188,191
50700,15.3361,152
50800,15.3434,197
50900,15.3725,185
51000,15.4129,163
51100,15.4681,188
51200,15.515,152
51300,15.5278,163
51400,15.5438,197
51500,15.5661,191
51600,15.5839,159
51700,15.6065,155
51800,15.6373,191
51900,15.6714,191
52000,15.7075,154
52100,15.7458,157
52200,15.7627,182
52300,15.7926,170
52400,15.8144,170
52500,15.8392,185
52600,15.8696,194
52700,15.9196,185
52800,15.9445,184
52900,15.9828,183
53000,16.0071,190
53100,16.0454,150
53200,16.0588,184
53300,16.0786,186
53400,16.1131,170
53500,16.1589,155
53600,16.1856,155
53700,16.2135,182
53800,16.2394,154
53900,16.2619,174
54000,16.2948,168
54100,16.3234,169
54200,16.3468,159
54300,16.391,179
54400,16.4347,176
54500,16.465,155
54600,16.4841,186
54700,16.5092,184
54800,16.5454,182
54900,16.5702,185
55000,16.5851,168
55100,16.6357,200
55200,16.6615,158
55300,16.6961,154
55400,16.7146,191
55500,16.7363,170
55600,16.7566,197
55700,16.7867,173
55800,16.8143,176
55900,16.8622,176
56000,16.8992,174
56100,16.9311,154
56200,16.9501,184
56300,16.9676,192
56400,16.991,186
56500,17.0077,193
56600,17.0378,200
56700,17.1059,154
56800,17.1293,185
56900,17.1512,182
57000,17.1722,154
57100,17.1942,154
57200,17.2201,190
57300,17.2407,181
57400,17.2654,195
57500,17.3106,170
57600,17.3656,182
57700,17.4043,162
57800,17.4205,155
57900,17.4435,152
58000,17.4605,185
58100,17.4746,163
58200,17.4914,157
58300,17.5484,191
58400,17.5776,150
58500,17.5986,186
58600,17.6411,188
58700,17.6539,150
58800,17.6809,170
58900,17.7037,200
59000,17.7268,194
59100,17.7566,154
59200,17.81,158
59300,17.8455,155
59400,17.8774,152
59500,17.8916,185
59600,17.9077,190
59700,17.9309,197
59800,17.9554,159
59900,17.9964,198
60000,18.0209,197
60100,18.0606,194
60200,18.0955,197
60300,18.1329,189
60400,18.1464,169
60500,18.1692,155
60600,18.1911,168
60700,18.226,189
60800,18.2578,153
60900,18.2865,185
61000,18.3273,154
61100,18.3552,154
61200,18.3827,190
61300,18.4024,189
61400,18.4189,164
61500,18.453,185
61600,18.4876,169
61700,18.5132,186
61800,18.549,179
61900,18.5616,180
62000,18.6007,162
62100,18.6346,187
62200,18.6509,190
62300,18.6755,195
62400,18.7202,190
62500,18.7496,155
62600,18.7662,159
62700,18.7871,154
62800,18.8102,154
62900,18.8303,193
63000,18.8674,191
63100,18.8893,167
63200,18.9446,194
63300,18.9738,185
63400,19.0011,189
63500,19.024,186
63600,19.0458,197
63700,19.0646,191
63800,19.0905,155
63900,19.1268,190
64000,19.1696,191
64100,19.2021,189
64200,19.2237,185
64300,19.2452,155
64400,19.2622,183
64500,19.2884,154
64600,19.3182,186
64700,19.35,200
64800,19.412,176
64900,19.4476,181
65000,19.4835,187
65100,19.5055,186
65200,19.5237,170
65300,19.5526,197
65400,19.5716,188
65500,19.6053,176
65600,19.6817,185
65700,19.7094,155
65800,19.7301,154
65900,19.7616,188
66000,19.7828,163
66100,19.8068,186
66200,19.8346,197
66300,19.8709,183
66400,19.9162,188
66500,19.9579,188
66600,19.9876,176
66700,20.0137,185
66800,20.0358,154
66900,20.053,157
67000,20.0772,185
67100,20.0959,193
67200,20.1552,177
67300,20.1927,176
67400,20.2282,186
67500,20.2743,200
67600,20.2908,184
67700,20.3276,170
67800,20.3644,176
67900,20.3824,159
68000,20.4237,186
68100,20.474,188
68200,20.4988,157
68300,20.5361,170
68400,20.5581,152
68500,20.5777,190
68600,20.61,170
68700,20.6307,190
68800,20.664,164
68900,20.7067,170
69000,20.7373,186
69100,20.7699,167
69200,20.7869,183
69300,20.8074,186
69400,20.8289,182
69500,20.8658,191
69600,20.9005,164
69700,20.9299,186
69800,20.9714,150
69900,21.0009,191
70000,21.0201,155
70100,21.0375,154
70200,21.0656,193
70300,21.0894,192
70400,21.1272,168
70500,21.1764,184
70600,21.192,172
70700,21.2327,188
70800,21.2536,154
70900,21.2703,177
71000,21.2904,195
71100,21.3223,155
71200,21.3741,167
71300,21.4513,189
71400,21.4847,195
71500,21.5085,176
71600,21.5374,176
71700,21.5743,157
71800,21.6053,177
71900,21.6298,182
72000,21.6517,194
72100,21.7064,157
72200,21.7561,162
72300,21.7792,188
72400,21.8016,150
72500,21.8351,154
72600,21.8605,190
72700,21.8745,159
72800,21.894,172
72900,21.9366,155
73000,21.9782,197
73100,22.0138,181
73200,22.0494,189
73300,22.0829,170
73400,22.1058,198
73500,22.1274,167
73600,22.1428,193
73700,22.1738,175
73800,22.2185,170
73900,22.2663,177
74000,22.2852,181
74100,22.324,152
74200,22.3547,186
74300,22.3821,200
74400,22.4082,157
74500,22.4639,154
74600,22.4926,197
74700,22.5403,190
74800,22.5635,181
74900,22.6023,155
75000,22.6217,184
75100,22.6466,176
75200,22.6697,187
75300,22.7023,158
75400,22.763,189
75500,22.8046,184
75600,22.8365,189
75700,22.858,179
75800,22.8783,184
75900,22.9075,181
76000,22.9423,184
76100,23.0228,189
76200,23.0477,185
76300,23.0823,182
76400,23.1075,197
76500,23.135,154
76600,23.1713,200
76700,23.194,197
76800,23.2226,187
76900,23.2532,193
77000,23.2866,157
77100,23.3308,191
77200,23.3612,152
77300,23.4076,191
77400,23.4346,185
77500,23.4572,184
77600,23.4818,175
77700,23.5352,185
77800,23.6102,154
77900,23.6482,182
78000,23.6759,194
78100,23.6937,154
78200,23.7127,185
78300,23.7316,197
78400,23.7531,185
78500,23.8052,200
78600,23.8712,197
78700,23.9184,155
78800,23.9356,163
78900,23.9608,194
79000,23.9742,158
79100,24.0133,163
79200,24.0556,186
79300,24.0873,191
79400,24.1595,189
79500,24.1972,189
79600,24.23,189
79700,24.2876,157
79800,24.3084,188
79900,24.3315,167
80000,24.3582,176
80100,24.3906,185
80200,24.4927,183
80300,24.5177,172
80400,24.5473,154
80500,24.5607,190
80600,24.5752,190
80700,24.5849,200
80800,24.596,173
80900,24.6076,175
81000,24.6584,154
81100,24.7301,157
81200,24.7597,198
81300,24.7809,197
81400,24.8065,176
81500,24.8369,158
81600,24.8803,154
81700,24.9014,198
81800,24.9591,154
81900,24.9861,155
82000,25.0282,153
82100,25.0505,154
82200,25.0815,200
82300,25.1256,155
82400,25.1423,185
82500,25.1584,164
82600,25.1824,189
82700,25.2344,189
82800,25.293,197
82900,25.3374,184
83000,25.3917,155
83100,25.4481,154
83200,25.4812,167
83300,25.528,168
83400,25.6072,163
83500,25.6599,185
83600,25.6884,155
83700,25.7144,152
83800,25.7439,153
83900,25.7809,173
84000,25.815,185
84100,25.8421,173
84200,25.8664,200
84300,25.9351,185
84400,25.9864,182
84500,26.0137,176
84600,26.0427,164
84700,26.0665,154
84800,26.0943,155
84900,26.1406,153
85000,26.1643,170
85100,26.2095,194
85200,26.2515,193
85300,26.2857,173
85400,26.3396,159
85500,26.3588,181
85600,26.3886,168
85700,26.4094,184
85800,26.4554,188
85900,26.5399,197
86000,26.5884,154
86100,26.6239,182
86200,26.6781,197
86300,26.7059,155
86400,26.7472,194
86500,26.7752,154
86600,26.8148,154
86700,26.8637,193
86800,26.8994,198
86900,26.9314,154
87000,26.9509,186
87100,27.0008,160
87200,27.0218,191
87300,27.047,155
87400,27.068,154
87500,27.1623,189
87600,27.2063,185
87700,27.2315,180
87800,27.2563,153
87900,27.2825,197
88000,27.3217,189
88100,27.3569,185
88200,27.3864,200
88300,27.485,173
88400,27.5423,185
88500,27.5604,190
88600,27.5909,197
88700,27.6393,185
88800,27.6956,182
88900,27.7348,152
89000,27.7995,197
89100,27.8783,154
89200,27.9235,167
89300,27.9607,185
89400,27.9895,200
89500,27.9998,152
89600,28.0135,158
89700,28.0277,158
89800,28.0759,154
89900,28.165,155
90000,28.2114,154
90100,28.2391,157
90200,28.2655,181
90300,28.3174,180
90400,28.3421,197
90500,28.3729,185
90600,28.4259,157
90700,28.463,154
90800,28.5221,150
90900,28.5577,186
91000,28.6154,158
91100,28.6477,188
91200,28.6813,182
91300,28.7346,170
91400,28.7668,188
91500,28.8235,197
91600,28.8737,163
91700,28.9313,189
91800,28.9551,163
91900,28.9779,154
92000,29.0346,UNKNOWN_CTRL_MSGTYPE(22616)
92100,29.0757,200
92200,29.1011,190
92300,29.1668,193
92400,29.2195,152
92500,29.2656,185
92600,29.31,197
92700,29.3596,185
92800,29.3841,174
92900,29.4191,173
93000,29.4613,152
93100,29.4956,173
93200,29.5669,154
93300,29.6343,176
93400,29.6771,195
93500,29.715,173
93600,29.7653,187
93700,29.7775,182
93800,29.7998,185
93900,29.8238,200
94000,29.9231,172
94100,29.9598,155
94200,29.9923,185
94300,30.0167,170
94400,30.0503,152
94500,30.0812,188
94600,30.1026,197
94700,30.1598,177
94800,30.2176,193
94900,30.2541,155
95000,30.3068,170
95100,30.334,181
95200,30.367,182
95300,30.3945,194
95400,30.4299,154
95500,30.4487,197
95600,30.5146,155
95700,30.5993,159
95800,30.6341,172
95900,30.6737,152
96000,30.7098,152
96100,30.7264,158
96200,30.7586,154
96300,30.7962,176
96400,30.8334,177
96500,30.8778,176
96600,30.9385,152
96700,30.9911,185
96800,31.0044,172
96900,31.046,154
97000,31.0749,154
97100,31.1038,152
97200,31.1335,152
97300,31.2276,189
97400,31.2504,163
97500,31.2735,190
97600,31.2916,193
97700,31.3184,158
97800,31.3442,176
97900,31.3631,192
98000,31.378,170
98100,31.4277,195
98200,31.4601,197
98300,31.5022,195
98400,31.5213,170
98500,31.5404,190
98600,31.5702,190
98700,31.6148,197
98800,31.6611,185
98900,31.71,172
99000,31.7521,152
99100,31.8195,170
99200,31.8428,170
99300,31.8632,175
99400,31.903,191
99500,31.9298,154
99600,31.9527,163
99700,32.003,194
99800,32.052,158
99900,32.092,189
100000,32.1157,188
100100,32.1447,174
100200,32.1841,176
100300,32.2013,188
100400,32.2177,158
100500,32.2948,176
100600,32.3638,174
100700,32.3895,155
100800,32.4131,192
100900,32.4464,188
101000,32.4817,152
101100,32.4968,172
101200,32.525,175
101300,32.6215,152
101400,32.6464,152
101500,32.6788,185
101600,32.7278,154
101700,32.7459,184
101800,32.7633,192
101900,32.8204,154
102000,32.8416,154
102100,32.9305,152
102200,32.973,190
102300,32.9954,186
102400,33.0257,170
102500,33.0701,195
102600,33.0854,179
102700,33.1211,175
102800,33.1563,194
102900,33.2265,185
103000,33.2798,152
103100,33.3298,152
103200,33.3572,190
103300,33.408,168
103400,33.4234,192
103500,33.4408,158
103600,33.4915,197
103700,33.5405,197
103800,33.58,183
103900,33.6392,194
104000,33.6726,186
104100,33.6928,154
104200,33.7295,184
104300,33.7672,168
104400,33.787,191
104500,33.8177,169
104600,33.9251,173
104700,33.9478,159
104800,34.0048,198
104900,34.031,187
105000,34.0748,191
105100,34.1242,154
105200,34.1862,192
105300,34.2252,186
105400,34.3033,194
105500,34.3651,194
105600,34.4107,158
105700,34.4642,189
105800,34.5037,197
105900,34.5548,155
106000,34.6034,154
106100,34.6402,172
106200,34.7333,177
106300,34.7813,190
106400,34.8192,163
106500,34.8758,177
106600,34.9312,152
106700,34.9924,177
106800,35.0515,150
106900,35.1153,154
107000,35.2315,170
107100,35.2899,189
107200,35.3385,194
107300,35.4117,172
107400,35.4537,183
107500,35.5075,193
107600,35.5343,176
107700,35.5796,183
107800,35.6892,170
107900,35.7702,188
108000,35.8263,154
108100,35.8785,150
108200,35.9261,157
108300,35.9857,173
108400,36.0319,154
108500,36.0765,185
108600,36.1557,150
108700,36.242,170
108800,36.2752,194
108900,36.326,197
109000,36.3694,185
109100,36.4053,188
109200,36.4684,185
109300,36.501,170
109400,36.5687,173
109500,36.6756,182
109600,36.7,177
109700,36.7342,197
109800,36.782,152
109900,36.8185,155
110000,36.8529,158
110100,36.9167,188
110200,37.0254,170
110300,37.082,172
110400,37.1416,155
110500,37.1939,191
110600,37.2448,177
110700,37.2729,193
110800,37.3215,155
110900,37.3594,157
111000,37.4067,197
111100,37.5132,183
111200,37.5466,172
111300,37.5855,152
111400,37.6465,189
111500,37.6817,163
111600,37.7358,154
111700,37.7842,155
111800,37.8352,197
111900,37.9472,189
112000,38.0055,176
112100,38.074,195
112200,38.1096,197
112300,38.1581,163
112400,38.2107,150
112500,38.2679,152
112600,38.3115,152
112700,38.4331,154
112800,38.4705,189
112900,38.5229,152
113000,38.558,182
113100,38.6103,170
113200,38.6406,197
113300,38.6941,158
113400,38.737,163
113500,38.8553,155
113600,38.9389,154
113700,38.9787,170
113800,39.0471,194
113900,39.0913,183
114000,39.1446,194
114100,39.1891,163
114200,39.2451,155
114300,39.3267,180
114400,39.4035,179
114500,39.4736,173
114600,39.5412,152
114700,39.5752,152
114800,39.649,154
114900,39.7163,173
115000,39.7592,155
115100,39.8354,154
115200,39.9382,163
115300,39.978,190
115400,40.0303,150
115500,40.109,175
115600,40.1471,190
115700,40.2077,163
115800,40.252,193
115900,40.3442,173
116000,40.4324,153
116100,40.484,172
116200,40.5342,159
116300,40.5915,155
116400,40.6423,170
116500,40.6919,179
116600,40.7254,154
116700,40.7817,154
116800,40.7859,198
116900,40.8494,162
117000,40.9187,186
117100,40.9455,170
117200,40.9645,185
117300,40.9833,185
117400,41.033,164
117500,41.0415,187
117600,41.0439,164
117700,41.0519,200
117800,41.0827,152
117900,41.1653,188
118000,41.2183,154
118100,41.2503,197
118200,41.2699,154
118300,41.2918,162
118400,41.3246,152
118500,41.4106,186
118600,41.4435,163
118700,41.49,188
118800,41.5186,197
118900,41.5615,185
119000,41.5752,176
119100,41.5874,185
119200,41.6114,190
119300,41.6489,158
119400,41.7352,155
119500,41.7695,164
119600,41.7997,184
119700,41.8115,170
119800,41.8221,177
119900,41.834,154
120000,41.9378,154
120100,41.9957,198
120200,42.0103,187
120300,42.0371,170
120400,42.0448,154
120500,42.0568,181
120600,42.1104,155
120700,42.1272,164
120800,42.1748,192
120900,42.1994,152
121000,42.2251,155
121100,42.2461,158
121200,42.3069,155
121300,42.3493,154
121400,42.3872,174
121500,42.3988,154
121600,42.4233,175
121700,42.4721,185
121800,42.5553,191
121900,42.6029,154
122000,42.6383,173
122100,42.6511,154
122200,42.6656,179
122300,42.7171,191
122400,42.756,154
122500,42.8078,163
122600,42.8353,174
122700,42.8629,200
122800,42.8793,175
122900,42.8947,189
123000,42.9524,154
123100,42.9758,162
123200,43.0197,155
123300,43.0402,155
123400,43.0707,160
123500,43.1055,192
123600,43.1758,185
123700,43.201,197
123800,43.2121,170
123900,43.2257,186
124000,43.2754,155
124100,43.4084,189
124200,43.4274,153
124300,43.4486,170
124400,43.4626,155
124500,43.4728,175
124600,43.5033,176
124700,43.5505,164
124800,43.5895,155
124900,43.6232,189
125000,43.7078,155
125100,43.7702,153
125200,43.7954,155
125300,43.8099,197
125400,43.8279,186
125500,43.8879,195
125600,43.9159,154
125700,43.9621,197
125800,44.0588,194
125900,44.0949,153
126000,44.1098,198
126100,44.1283,189
126200,44.1773,162
126300,44.2194,155
126400,44.2506,188
126500,44.3308,195
126600,44.3722,155
126700,44.3914,163
126800,44.4183,191
126900,44.4678,173
127000,44.4874,186
127100,44.5232,183
127200,44.5533,152
127300,44.6042,172
127400,44.6615,194
127500,44.6822,200
127600,44.7065,152
127700,44.7567,173
127800,44.7831,189
127900,44.8243,181
128000,44.8463,191
128100,44.8737,168
128200,44.9607,194
128300,44.9932,155
128400,45.0248,185
128500,45.0488,167
128600,45.0733,154
128700,45.1121,155
128800,45.1256,180
128900,45.1795,185
129000,45.232,197
129100,45.2734,188
129200,45.2958,154
129300,45.3253,197
129400,45.3662,174
129500,45.3885,200
129600,45.4065,163
129700,45.4359,185
129800,45.4754,185
129900,45.5169,189
130000,45.5763,169
130100,45.6099,187
130200,45.631,154
130300,45.6502,197
130400,45.6678,185
130500,45.7172,168
130600,45.7679,200
130700,45.8135,181
130800,45.8388,188
130900,45.858,193
131000,45.8737,159
131100,45.9088,153
131200,45.9401,154
131300,45.9838,198
131400,46.0294,194
131500,46.0749,180
131600,46.1061,190
131700,46.1388,187
131800,46.1695,170
131900,46.1869,152
132000,46.2079,188
132100,46.2461,152
132200,46.3322,185
132300,46.3698,197
132400,46.4067,187
132500,46.4248,197
132600,46.4376,184
132700,46.4647,159
132800,46.4945,190
132900,46.5585,190
133000,46.5964,170
133100,46.6391,177
133200,46.6674,158
133300,46.6884,186
133400,46.7544,154
133500,46.7764,163
133600,46.8099,154
133700,46.8389,186
133800,46.8977,185
133900,46.9214,176
134000,46.9894,190
134100,47.0144,154
134200,47.0535,189
134300,47.0751,176
134400,47.0881,190
134500,47.109,182
134600,47.1676,189
134700,47.2339,162
134800,47.2815,173
134900,47.2986,155
135000,47.3178,184
135100,47.3357,185
135200,47.3661,155
135300,47.3987,155
135400,47.446,163
135500,47.4774,168
135600,47.5215,154
135700,47.5544,173
135800,47.5757,190
135900,47.5942,180
136000,47.6264,200
136100,47.6426,179
136200,47.7104,155
136300,47.7757,187
136400,47.8268,186
136500,47.8443,188
136600,47.8657,185
136700,47.8811,197
136800,47.907,200
136900,47.9416,170
137000,47.9921,154
137100,48.0296,190
137200,48.0857,173
137300,48.1171,170
137400,48.1317,185
137500,48.1501,180
137600,48.1869,169
137700,48.2164,176
137800,48.2601,193
137900,48.3026,160
138000,48.3635,163
138100,48.4024,190
138200,48.4235,185
138300,48.4412,170
138400,48.475,164
138500,48.5164,187
138600,48.5613,177
138700,48.6051,155
138800,48.6539,191
138900,48.6972,187
139000,48.7298,174
139100,48.7496,152
139200,48.7672,158
139300,48.7946,187
139400,48.8606,198
139500,48.9402,181
139600,48.9748,164
139700,49.0045,191
139800,49.0212,157
139900,49.0464,190
140000,49.0843,183
140100,49.1241,170
140200,49.1738,170
140300,49.2371,188
140400,49.2733,159
140500,49.3235,197
140600,49.3794,185
140700,49.4263,152
140800,49.4537,154
140900,49.478,180
141000,49.5478,155
141100,49.6143,172
141200,49.6815,154
141300,49.7154,174
141400,49.7379,182
141500,49.774,152
141600,49.815,154
141700,49.8598,197
141800,49.9097,154
141900,49.9623,193
142000,50.03,197
142100,50.0853,197
142200,50.1234,182
142300,50.1383,182
142400,50.1886,157
142500,50.2267,182
142600,50.273,150
142700,50.3456,163
142800,50.3889,174
142900,50.4279,158
143000,50.4695,192
143100,50.5041,179
143200,50.5396,191
143300,50.5903,170
143400,50.6293,182
143500,50.6759,167
143600,50.7479,194
143700,50.8319,154
143800,50.8734,195
143900,50.9017,169
144000,50.9337,194
144100,50.9787,150
144200,51.0196,154
144300,51.0804,190
144400,51.1538,153
144500,51.1809,172
144600,51.2417,189
144700,51.2818,190
144800,51.3233,197
144900,51.3569,150
145000,51.4127,170
145100,51.4975,154
145200,51.5581,154
145300,51.5808,182
145400,51.6301,191
145500,51.6635,195
145600,51.703,197
145700,51.7397,154
145800,51.7845,190
145900,51.8484,169
146000,51.9586,155
146100,51.9806,163
146200,52.0222,184
146300,52.0655,181
146400,52.1199,197
146500,52.1747,170
146600,52.2573,193
146700,52.3272,173
146800,52.4196,157
146900,52.447,192
147000,52.5061,157
147100,52.5461,175
147200,52.5908,153
147300,52.6412,152
147400,52.6875,190
147500,52.7573,185
147600,52.8113,175
147700,52.8456,152
147800,52.896,154
147900,52.9348,152
148000,52.9587,159
148100,53.0056,190
148200,53.0491,182
148300,53.0895,152
148400,53.1761,170
148500,53.2362,185
148600,53.2896,155
148700,53.3174,177
148800,53.3622,154
148900,53.4051,154
149000,53.4479,193
149100,53.4914,190
149200,53.5622,174
149300,53.6468,152
149400,53.694,154
149500,53.7388,175
149600,53.7872,188
149700,53.8391,170
149800,53.8695,195
149900,53.9302,154
150000,53.9954,154
150100,54.0453,154
150200,54.0886,189
150300,54.1501,170
150400,54.1833,154
150500,54.2396,185
150600,54.2768,189
150700,54.3174,189
150800,54.362,155
150900,54.4764,170
151000,54.5095,193
151100,54.566,184
151200,54.6243,189
151300,54.6824,158
151400,54.7246,189
151500,54.8033,152
151600,54.9057,195
151700,54.9747,152
151800,55.0296,183
151900,55.0674,189
152000,55.119,163
152100,55.1664,155
152200,55.2117,197
152300,55.2964,172
152400,55.3658,188
152500,55.4785,155
152600,55.5268,197
152700,55.5767,177
152800,55.6328,197
152900,55.672,179
153000,55.713,163
153100,55.7699,197
153200,55.8388,181
153300,55.9038,154
153400,55.9498,185
153500,55.9969,170
153600,56.0226,190
153700,56.0792,155
153800,56.1127,190
153900,56.1596,155
154000,56.2553,177
154100,56.3644,197
154200,56.3923,197
154300,56.4601,152
154400,56.5144,190
154500,56.5612,190
154600,56.6228,187
154700,56.6719,163
154800,56.7662,176
154900,56.898,176
155000,56.9613,190
155100,57.023,150
155200,57.0896,167
155300,57.164,152
155400,57.2337,163
155500,57.2926,154
155600,57.3755,188
155700,57.469,176
155800,57.5443,183
155900,57.5843,192
156000,57.6951,154
156100,57.7346,173
156200,57.8029,177
156300,57.8684,152
156400,57.9291,163
156500,58.0564,154
156600,58.0965,157
156700,58.1365,153
156800,58.2022,167
156900,58.2343,193
157000,58.2943,185
157100,58.342,197
157200,58.388,172
157300,58.4935,163
157400,58.5568,189
157500,58.6159,177
157600,58.6669,190
157700,58.7126,154
157800,58.765,182
157900,58.8087,195
158000,58.8508,175
158100,58.9243,197
158200,59.0087,154
158300,59.0641,177
158400,59.1301,193
158500,59.1806,192
158600,59.2475,189
158700,59.3122,174
158800,59.3958,170
158900,59.4971,162
159000,59.5778,188
159100,59.6259,155
159200,59.6525,193
159300,59.7118,154
159400,59.7576,152
159500,59.7864,155
159600,59.8205,190
159700,59.8932,175
159800,59.9613,152
159900,60.0503,179
160000,60.0884,193
160100,60.1238,154
160200,60.1668,182
160300,60.2234,190
160400,60.2653,179
160500,60.3342,174
160600,60.4101,193
160700,60.4685,182
160800,60.5077,152
160900,60.56,190
161000,60.611,154
161100,60.6655,159
161200,60.7261,184
161300,60.7941,163
161400,60.8574,154
161500,60.9383,197
161600,60.9763,193
161700,61.0327,154
161800,61.063,155
161900,61.1102,174
162000,61.1644,168
162100,61.2702,190
162200,61.355,163
162300,61.4601,154
162400,61.5114,192
162500,61.591,182
162600,61.6505,186
162700,61.7249,155
162800,61.7852,193
162900,61.8419,169
163000,61.9252,185
163100,61.9979,152
163200,62.0582,173
163300,62.1113,197
163400,62.1589,173
163500,62.2345,184
163600,62.2722,152
163700,62.3055,192
163800,62.3949,163
163900,62.4605,175
164000,62.5362,177
164100,62.5846,175
164200,62.6304,154
164300,62.6808,163
164400,62.7295,185
164500,62.7895,172
164600,62.8671,152
164700,63.0399,154
164800,63.0872,155
164900,63.1173,197
165000,63.1767,193
165100,63.224,188
165200,63.2836,154
165300,63.3519,152
165400,63.4554,194
165500,63.5593,192
165600,63.615,197
165700,63.6712,172
165800,63.7356,150
165900,63.8021,174
166000,63.8583,154
166100,63.9292,195
166200,63.9983,174
166300,64.0777,155
166400,64.1537,152
166500,64.2107,154
166600,64.2494,154
166700,64.3021,154
166800,64.3565,188
166900,64.4202,189
167000,64.4655,172
167100,64.5698,175
167200,64.6159,192
167300,64.6844,170
167400,64.7683,163
167500,64.8331,195
167600,64.8721,170
167700,64.9554,186
167800,64.9947,197
167900,65.1078,152
168000,65.1765,163
168100,65.2324,193
168200,65.3142,154
168300,65.395,167
168400,65.4603,172
168500,65.5357,155
168600,65.6066,177
168700,65.737,194
168800,65.8074,185
168900,65.8597,194
169000,65.9276,197
169100,65.9826,197
169200,66.0416,188
169300,66.1014,189
169400,66.1465,174
169500,66.2167,173
169600,66.3134,152
169700,66.3589,197
169800,66.4105,176
169900,66.4395,158
170000,66.4907,185
170100,66.5505,194
170200,66.5733,154
170300,66.6282,188
170400,66.7599,170
170500,66.8052,157
170600,66.8464,152
170700,66.9258,164
170800,66.967,190
170900,67.013,185
171000,67.0631,170
171100,67.1376,152
171200,67.2471,174
171300,67.3168,197
171400,67.3665,192
171500,67.3992,181
171600,67.3999,162
171700,67.4196,176
171800,67.4391,152
171900,67.4754,170
172000,67.5288,155
172100,67.5698,181
172200,67.6365,176
172300,67.6554,191
172400,67.6563,176
172500,67.6575,190
172600,67.6584,154
172700,67.6591,160
172800,67.6713,155
172900,67.6884,170
173000,67.7955,179
173100,67.8421,170
173200,67.8692,154
173300,67.8978,186
173400,67.926,197
173500,67.9654,154
173600,68.0314,155
173700,68.1013,184
173800,68.1419,164
173900,68.159,198
174000,68.1733,184
174100,68.1895,190
174200,68.2773,190
174300,68.3096,200
174400,68.3888,163
174500,68.4239,164
174600,68.4525,154
174700,68.4647,185
174800,68.4872,175
174900,68.5242,197
175000,68.5384,186
175100,68.5742,176
175200,68.6014,179
175300,68.6919,190
175400,68.7272,160
175500,68.778,163
175600,68.8518,181
175700,68.8841,185
175800,68.936,174
175900,68.9509,200
176000,68.9801,187
176100,69.0024,191
176200,69.0584,190
176300,69.0748,153
176400,69.107,155
176500,69.128,188
176600,69.1503,185
176700,69.1697,158
176800,69.2414,181
176900,69.2938,154
177000,69.3551,183
177100,69.3766,164
177200,69.3957,197
177300,69.4159,184
177400,69.442,163
177500,69.4666,188
177600,69.5055,173
177700,69.5493,162
177800,69.5734,192
177900,69.5961,190
178000,69.6516,191
178100,69.676,183
178200,69.7096,155
178300,69.7227,152
178400,69.7436,163
178500,69.7847,187
178600,69.8344,154
178700,69.8704,155
178800,69.8827,152
178900,69.8958,163
179000,69.915,154
179100,69.9621,164
179200,69.978,152
179300,70.0316,172
179400,70.0706,154
179500,70.1307,154
179600,70.1489,150
179700,70.1656,190
179800,70.1798,193
179900,70.2177,162
180000,70.2541,200
180100,70.2959,200
180200,70.3451,155
180300,70.3805,197
180400,70.3947,173
180500,70.4251,185
180600,70.4609,152
180700,70.5,189
180800,70.5252,190
180900,70.5941,197
181000,70.6452,163
181100,70.6833,191
181200,70.726,152
181300,70.7474,184
181400,70.7855,174
181500,70.8248,186
181600,70.8603,154
181700,70.9311,190
181800,70.9816,195
181900,71.0207,200
182000,71.0463,191
182100,71.0778,162
182200,71.1145,191
182300,71.1608,154
182400,71.1903,193
182500,71.2655,185
182600,71.332,176
182700,71.3633,163
182800,71.4026,197
182900,71.4461,158
183000,71.4722,155
183100,71.5068,190
183200,71.5606,154
183300,71.6157,197
183400,71.6916,193
183500,71.7505,157
183600,71.7515,180
183700,71.7524,169
183800,71.79,153
183900,71.8266,197
184000,71.8548,163
184100,71.8889,197
184200,71.9297,197
184300,71.9719,157
184400,72.0218,159
184500,72.0536,195
184600,72.0729,195
184700,72.1192,176
184800,72.1416,192
184900,72.1681,194
185000,72.2052,200
185100,72.2372,168
185200,72.291,192
185300,72.3432,155
185400,72.3868,152
185500,72.4146,185
185600,72.4407,197
185700,72.4625,152
185800,72.4964,168
185900,72.5457,193
186000,72.5786,190
186100,72.6132,154
186200,72.6343,185
186300,72.649,154
186400,72.6615,193
186500,72.7098,190
186600,72.7834,170
186700,72.8319,186
186800,72.8734,193
186900,72.9091,189
187000,72.9438,190
187100,72.9795,200
187200,73.0135,174
187300,73.0386,192
187400,73.0877,197
187500,73.1191,169
187600,73.1571,162
187700,73.1916,197
187800,73.2288,189
187900,73.2538,183
188000,73.2682,184
188100,73.2844,167
188200,73.3572,174
188300,73.4063,162
188400,73.4791,170
188500,73.5077,176
188600,73.5242,191
188700,73.5412,181
188800,73.5631,168
188900,73.6276,190
189000,73.6799,154
189100,73.7447,154
189200,73.7709,197
189300,73.7899,181
189400,73.8117,189
189500,73.8445,154
189600,73.8724,154
189700,73.9144,170
189800,73.9527,163
189900,73.9913,185
190000,74.0612,168
190100,74.1071,191
190200,74.1392,200
190300,74.1685,155
190400,74.1812,190
190500,74.1997,186
190600,74.2612,174
190700,74.3263,174
190800,74.3631,181
190900,74.3822,185
191000,74.4291,152
191100,74.456,179
191200,74.5181,158
191300,74.5654,176
191400,74.6285,155
191500,74.768,184
191600,74.8509,185
191700,74.9137,197
191800,75.0402,190
191900,75.2231,157
192000,75.3066,197
192100,75.3824,155
192200,75.5148,184
192300,75.6346,152
192400,75.7125,177
192500,75.7434,192
192600,75.7816,195
192700,75.8294,185
192800,75.8554,170
192900,75.8826,177
193000,75.9614,150
193100,76.2064,186
193200,76.3202,175
193300,76.4586,183
193400,76.5387,183
193500,76.6174,168
193600,76.6657,152
193700,76.7419,154
193800,76.7832,155
193900,76.9128,153
194000,77.0014,184
194100,77.0377,185
194200,77.0939,154
194300,77.2423,170
194400,77.3777,154
194500,77.4282,152
194600,77.483,186
194700,77.6347,154
194800,77.7028,170
194900,77.7689,176
195000,77.8144,170
195100,77.8573,189
195200,77.95,186
195300,78.0652,188
195400,78.2043,174
195500,78.3865,170
195600,78.4292,163
195700,78.5018,172
195800,78.5412,197
195900,78.5813,189
196000,78.6542,185
196100,78.6879,193
196200,78.7494,152
196300,78.9111,170
196400,79.0229,170
196500,79.2001,152
196600,79.2463,173
196700,79.3071,154
196800,79.3593,176
196900,79.3783,155
197000,79.448,191
197100,79.559,194
197200,79.6514,154
197300,79.7375,197
197400,79.844,193
197500,79.9505,197
197600,79.9867,175
197700,80.0456,177
197800,80.0957,154
197900,80.1795,152
198000,80.2818,195
198100,80.3137,173
198200,80.3694,175
198300,80.497,194
198400,80.5925,189
198500,80.6676,194
198600,80.7119,188
198700,80.7906,172
198800,80.8802,155
198900,80.9695,154
199000,81.0122,168
199100,81.0732,193
199200,81.1535,197
199300,81.2477,170
199400,81.3433,189
199500,81.4236,154
199600,81.5723,157
199700,81.6204,154
199800,81.6615,183
199900,81.7182,192
200000,81.7598,200
200100,81.8341,154
200200,81.9319,152
200300,82.0471,154
200400,82.2193,158
200500,82.2668,195
200600,82.3475,179
200700,82.4076,154
200800,82.4457,176
200900,82.4932,197
201000,82.5507,154
201100,82.6442,193
201200,82.8495,173
201300,82.9187,190
201400,82.9593,154
201500,83.0113,188
201600,83.0646,154
201700,83.1334,153
201800,83.1542,170
201900,83.1938,152
202000,83.2547,185
202100,83.3302,154
202200,83.4425,189
202300,83.4658,174
202400,83.5016,176
202500,83.5419,197
202600,83.5787,186
202700,83.632,158
202800,83.7229,191
202900,83.8085,162
203000,83.8265,154
203100,83.8536,200
203200,83.8994,193
203300,83.923,163
203400,83.9613,164
203500,84.01,185
203600,84.0659,164
203700,84.1328,152
203800,84.2041,179
203900,84.3009,191
204000,84.3528,162
204100,84.3984,155
204200,84.4256,188
204300,84.4737,152
204400,84.505,163
204500,84.6341,194
204600,84.6797,189
204700,84.7005,150
204800,84.7378,152
204900,84.7661,197
205000,84.8335,162
205100,84.8787,187
205200,84.8977,154
205300,85.0239,186
205400,85.0584,189
205500,85.1178,194
205600,85.1451,153
205700,85.1686,154
205800,85.2175,190
205900,85.2345,155
206000,85.2947,154
206100,85.3722,170
206200,85.4804,155
206300,85.4961,154
206400,85.5312,190
206500,85.5868,154
206600,85.6303,170
206700,85.6649,189
206800,85.6881,193
206900,85.8325,190
207000,85.8894,170
207100,85.9279,197
207200,85.9505,179
207300,86.0265,191
207400,86.0812,170
207500,86.1063,172
207600,86.1352,175
207700,86.2336,189
207800,86.3478,154
207900,86.4027,163
208000,86.4606,190
208100,86.4961,155
208200,86.5383,177
208300,86.5884,193
208400,86.6249,187
208500,86.6863,154
208600,86.7656,154
208700,86.8019,152
208800,86.8474,179
208900,86.9144,187
209000,86.9413,193
209100,87.014,154
209200,87.0371,197
209300,87.1838,190
209400,87.2667,164
209500,87.3314,190
209600,87.3805,185
209700,87.4339,170
209800,87.4858,173
209900,87.5574,170
210000,87.6146,154
210100,87.7025,197
210200,87.7586,170
210300,87.8109,184
210400,87.8628,168
210500,87.9335,189
210600,87.961,185
210700,88.0152,157
210800,88.0502,168
210900,88.1117,183
211000,88.2409,155
211100,88.2712,200
211200,88.3116,197
211300,88.3805,188
211400,88.3942,186
211500,88.474,162
211600,88.5053,154
211700,88.5609,190
211800,88.6992,182
211900,88.7411,189
212000,88.7853,164
212100,88.8292,152
212200,88.8529,154
212300,88.9061,185
212400,88.9709,170
212500,89.0216,191
212600,89.1063,182
212700,89.1655,189
212800,89.2262,155
212900,89.281,200
213000,89.3367,181
213100,89.4209,185
213200,89.5056,162
213300,89.5573,200
213400,89.7095,160
213500,89.7329,189
213600,89.7877,191
213700,89.8786,154
213800,89.9145,184
213900,89.9652,191
214000,90.0176,190
214100,90.0817,154
214200,90.1791,158
214300,90.2063,181
214400,90.2684,182
214500,90.3294,194
214600,90.3815,154
214700,90.4229,192
214800,90.4776,184
214900,90.5294,154
215000,90.71,162
215100,90.7694,154
215200,90.8261,186
215300,90.8511,188
215400,90.9147,153
215500,90.9822,176
215600,91.0491,197
215700,91.1131,187
215800,91.2148,175
215900,91.3009,193
216000,91.3692,170
216100,91.4273,185
216200,91.4951,173
216300,91.5274,152
216400,91.5973,184
216500,91.6286,159
216600,91.7489,185
216700,91.8054,188
216800,91.8501,189
216900,91.9265,174
217000,91.9877,175
217100,92.0562,188
217200,92.1357,188
217300,92.1943,158
217400,92.3795,193
217500,92.4735,173
217600,92.5489,190
217700,92.6317,188
217800,92.7257,172
217900,92.8112,154
218000,92.9306,183
218100,93.021,189
218200,93.198,177
218300,93.2646,163
218400,93.377,175
218500,93.4675,152
218600,93.5585,175
218700,93.6836,167
218800,93.7836,155
218900,93.9034,194
219000,93.9973,150
219100,94.1542,194
219200,94.2398,176
219300,94.3608,185
219400,94.4747,197
219500,94.6018,181
219600,94.6977,173
219700,94.8264,170
219800,94.9316,194
219900,95.1461,174
220000,95.2621,190
220100,95.3649,177
220200,95.5207,152
220300,95.6536,183
220400,95.7623,194
220500,95.8745,154
220600,96.0861,152
220700,96.1828,154
220800,96.2251,197
220900,96.3096,163
221000,96.3876,193
221100,96.5368,192
221200,96.6295,176
221300,96.7464,195
221400,96.8936,189
221500,97.0447,194
221600,97.1822,154
221700,97.2745,154
221800,97.4092,175
221900,97.5005,190
222000,97.6049,192
222100,97.6999,194
222200,97.806,174
222300,97.9453,188
222400,98.0342,154
222500,98.1204,154
222600,98.1986,152
222700,98.301,154
222800,98.3866,194
222900,98.4544,194
223000,98.5347,170
223100,98.7274,197
223200,98.8337,192
223300,98.9385,150
223400,99.0625,152
223500,99.1577,190
223600,99.2729,152
223700,99.332,170
223800,99.391,152
223900,99.5866,154
224000,99.7678,152
224100,99.9201,155
224200,100.017,154
224300,100.147,197
224400,100.229,154
224500,100.375,163
224600,100.538,163
224700,100.654,173
224800,100.857,163
224900,100.929,177
225000,101.001,190
225100,101.106,154
225200,101.175,163
225300,101.306,192
225400,101.571,197
225500,101.664,189
225600,101.746,197
225700,101.803,155
225800,101.877,185
225900,101.955,197
226000,102.059,189
226100,102.163,177
226200,102.391,195
226300,102.532,158
226400,102.587,188
226500,102.685,154
226600,102.746,154
226700,102.818,192
226800,102.868,175
226900,102.928,154
227000,103.028,185
227100,103.233,183
227200,103.395,188
227300,103.487,189
227400,103.583,155
227500,103.655,150
227600,103.737,175
227700,103.797,155
227800,103.87,197
227900,103.985,158
228000,104.144,154
228100,104.262,173
228200,104.371,158
228300,104.524,170
228400,104.595,170
228500,104.673,154
228600,104.718,155
228700,104.944,155
228800,105.007,162
228900,105.091,197
229000,105.158,163
229100,105.292,154
229200,105.458,176
229300,105.549,155
229400,105.613,183
229500,105.727,177
229600,105.807,197
229700,105.86,187
229800,105.932,183
229900,106.042,198
230000,106.14,190
230100,106.199,152
230200,106.332,155
230300,106.561,163
230400,106.675,155
230500,106.714,188
230600,106.783,195
230700,106.842,162
230800,106.888,158
230900,106.92,170
231000,106.973,194
231100,107.028,181
231200,107.163,189
231300,107.23,164
231400,107.259,154
231500,107.306,191
231600,107.352,181
231700,107.412,189
231800,107.516,154
231900,107.546,174
232000,107.669,187
232100,107.707,170
232200,107.765,154
232300,107.797,155
232400,107.855,155
232500,107.873,150
232600,107.925,164
232700,107.971,154
232800,108.062,176
232900,108.11,164
233000,108.135,154
233100,108.181,163
233200,108.222,174
233300,108.268,190
233400,108.3,197
233500,108.355,200
233600,108.438,173
233700,108.555,192
233800,108.61,172
233900,108.665,164
234000,108.719,174
234100,108.743,184
234200,108.8,164
234300,108.83,170
234400,108.921,174
234500,109.008,154
234600,109.04,164
234700,109.089,193
234800,109.127,170
234900,109.177,198
235000,109.203,152
235100,109.252,154
235200,109.29,184
235300,109.472,177
235400,109.576,163
235500,109.79,170
235600,110.078,190
235700,110.263,192
235800,110.545,173
235900,110.737,194
236000,110.93,154
236100,111.104,191
236200,111.284,185
236300,111.549,163
236400,111.733,185
236500,111.903,183
236600,112.091,192
236700,112.253,164
236800,112.481,197
236900,112.629,195
237000,112.784,182
237100,112.899,170
237200,113.072,197
237300,113.218,154
237400,113.373,181
237500,113.598,162
237600,113.751,185
237700,113.878,155
237800,114.127,188
237900,114.286,190
238000,114.422,200
238100,114.649,194
238200,114.799,174
238300,114.925,182
238400,115.056,155
238500,115.289,189
238600,115.42,170
238700,115.639,158
238800,115.815,154
238900,115.913,185
239000,116.08,154
239100,116.216,198
239200,116.349,172
239300,116.588,186
239400,116.728,185
239500,116.95,195
239600,117.073,186
239700,117.233,154
239800,117.362,155
239900,117.605,185
240000,117.785,193
240100,117.986,197
240200,118.19,152
240300,118.372,189
240400,118.468,182
240500,118.751,154
240600,118.903,188
240700,119.074,197
240800,119.215,154
240900,119.405,190
241000,119.63,175
241100,119.779,154
241200,119.946,152
241300,120.111,158
241400,120.357,163
241500,120.501,193
241600,120.688,194
241700,120.855,154
241800,120.995,189
241900,121.154,174
242000,121.313,154
242100,121.467,185
242200,121.73,152
242300,121.915,183
242400,122.041,177
242500,122.205,197
242600,122.384,163
242700,122.557,185
242800,122.849,154
242900,123.032,189
243000,123.223,154
243100,123.354,152
243200,123.502,154
243300,123.756,188
243400,123.937,189
243500,124.103,173
243600,124.282,189
243700,124.47,195
243800,124.625,197
243900,124.885,150
244000,125.063,177
244100,125.25,174
244200,125.527,173
244300,125.866,155
244400,126.048,188
244500,126.207,162
244600,126.367,186
244700,126.528,155
244800,126.67,186
244900,126.913,164
245000,127.044,176
245100,127.182,152
245200,127.334,152
245300,127.463,152
245400,127.631,154
245500,127.872,184
245600,128.025,185
245700,128.165,174
245800,128.303,152
245900,128.441,175
246000,128.569,154
246100,128.635,197
246200,128.855,197
