100,0.006076,Raw IP,173
200,0.043648,Raw IP,156
300,0.05772,Raw IP,141
400,0.066731,Raw IP,144
500,0.084878,Raw IP,173
600,0.133271,ICMP,192
700,0.176322,Raw IP,156
800,0.209369,ICMP,180
900,0.233389,ICMP,176
1000,0.25678,ICMP,186
1100,0.275495,Raw IP,154
1200,0.286056,UDP,,184
1300,0.300303,Raw IP,156
1400,0.326557,Raw IP,167
1500,0.341686,UDP,,185
1600,0.378373,Raw IP,166
1700,0.390006,Raw IP,144
1800,0.405283,UDP,,161
1900,0.430159,ICMP,180
2000,0.449802,UDP,,169
2100,0.465343,Raw IP,140
2200,0.494552,ICMP,199
2300,0.530652,ICMP,180
2400,0.566243,UDP,,174
2500,0.592773,Raw IP,166
2600,0.630308,UDP,,170
2700,0.637904,ICMP,163
2800,0.655492,Raw IP,146
2900,0.669223,ICMP,192
3000,0.677252,Raw IP,162
3100,0.693092,ICMP,161
3200,0.710137,Raw IP,144
3300,0.742384,ICMP,188
3400,0.768457,UDP,,185
3500,0.77554,ICMP,197
3600,0.800485,ICMP,173
3700,0.821681,UDP,,194
3800,0.836265,ICMP,161
3900,0.854886,UDP,,169
4000,0.876157,ICMP,197
4100,0.896751,UDP,,185
4200,0.926034,UDP,,169
4300,0.93984,ICMP,163
4400,0.97087,UDP,,163
4500,0.996334,UDP,,195
4600,1.01528,ICMP,185
4700,1.04028,ICMP,192
4800,1.06237,UDP,,179
4900,1.09008,ICMP,182
5000,1.1262,UDP,,158
5100,1.15521,Raw IP,146
5200,1.18253,Raw IP,166
5300,1.20595,Raw IP,143
5400,1.23625,ICMP,180
5500,1.25545,Raw IP,146
5600,1.28258,Raw IP,166
5700,1.30652,Raw IP,143
5800,1.33506,UDP,,178
5900,1.34523,Raw IP,154
6000,1.37285,ICMP,192
6100,1.39153,ICMP,182
6200,1.41339,Raw IP,162
6300,1.44227,ICMP,176
6400,1.47252,UDP,,190
6500,1.49871,UDP,,195
6600,1.53756,ICMP,180
6700,1.56288,ICMP,161
6800,1.58238,UDP,,185
6900,1.6146,Raw IP,162
7000,1.64386,ICMP,163
7100,1.67397,ICMP,196
7200,1.70118,UDP,,195
7300,1.73901,ICMP,186
7400,1.76468,UDP,,194
7500,1.78662,UDP,,160
7600,1.81515,ICMP,163
7700,1.84555,UDP,,156
7800,1.87471,ICMP,192
7900,1.90401,ICMP,158
8000,1.93975,ICMP,186
8100,1.96415,ICMP,161
8200,1.98409,UDP,,185
8300,2.01957,Raw IP,144
8400,2.04825,Raw IP,154
8500,2.07653,ICMP,185
8600,2.10492,UDP,,170
8700,2.14045,ICMP,186
8800,2.16504,UDP,,169
8900,2.18868,Raw IP,166
9000,2.21999,Raw IP,144
9100,2.24913,Raw IP,154
9200,2.27717,ICMP,199
9300,2.30725,Raw IP,173
9400,2.34264,UDP,,161
9500,2.36965,Raw IP,141
9600,2.38968,Raw IP,166
9700,2.42305,Raw IP,144
9800,2.45067,Raw IP,154
9900,2.47825,ICMP,199
10000,2.5102,Raw IP,156
10100,2.54729,ICMP,161
10200,2.57469,UDP,,186
10300,2.60018,ICMP,191
10400,2.62732,ICMP,160
10500,2.65208,UDP,,156
10600,2.67927,ICMP,199
10700,2.71126,Raw IP,156
10800,2.74748,ICMP,184
10900,2.7764,Raw IP,140
11000,2.80065,ICMP,191
11100,2.82809,ICMP,160
11200,2.85523,UDP,,152
11300,2.88083,ICMP,199
11400,2.91242,Raw IP,156
11500,2.94976,ICMP,161
11600,2.97726,Raw IP,140
11700,3.00098,ICMP,191
11800,3.04013,Raw IP,167
11900,3.06035,UDP,,178
12000,3.08236,UDP,,185
12100,3.11419,ICMP,206
12200,3.15095,Raw IP,155
12300,3.18116,ICMP,196
12400,3.20264,ICMP,165
12500,3.2408,Raw IP,167
12600,3.26694,UDP,,179
12700,3.2907,UDP,,179
12800,3.31811,Raw IP,143
12900,3.35243,ICMP,192
13000,3.38071,UDP,,158
13100,3.40415,Raw IP,144
13200,3.44608,ICMP,199
13300,3.46278,UDP,,194
13400,3.50343,ICMP,191
13500,3.52748,Raw IP,162
13600,3.55436,ICMP,163
13700,3.58365,ICMP,192
13800,3.60508,Raw IP,144
13900,3.64674,ICMP,199
14000,3.66907,Raw IP,146
14100,3.69322,UDP,,185
14200,3.72228,ICMP,171
14300,3.75537,ICMP,176
14400,3.78471,UDP,,190
14500,3.80735,UDP,,184
14600,3.84788,ICMP,199
14700,3.8701,Raw IP,146
14800,3.89012,ICMP,197
14900,3.92911,ICMP,173
15000,3.9574,ICMP,188
15100,3.98669,Raw IP,176
15200,4.01501,ICMP,158
15300,4.05111,ICMP,180
15400,4.07372,UDP,,169
15500,4.09231,UDP,,186
15600,4.13116,Raw IP,162
15700,4.15759,ICMP,163
15800,4.18958,Raw IP,144
15900,4.218,Raw IP,156
16000,4.2566,ICMP,161
16100,4.28454,UDP,,186
16200,4.29516,UDP,,163
16300,4.33227,ICMP,173
16400,4.35908,UDP,,156
16500,4.38799,ICMP,196
16600,4.41713,ICMP,158
16700,4.45307,UDP,,161
16800,4.48668,UDP,,158
16900,4.50019,UDP,,185
17000,4.53443,ICMP,163
17100,4.56028,Raw IP,154
17200,4.58934,Raw IP,176
17300,4.61948,UDP,,170
17400,4.65375,ICMP,186
17500,4.67817,ICMP,161
17600,4.70209,Raw IP,166
17700,4.73575,ICMP,163
17800,4.76118,Raw IP,154
17900,4.7904,Raw IP,176
18000,4.82023,Raw IP,173
18100,4.85605,UDP,,161
18200,4.88167,Raw IP,141
18300,4.90362,Raw IP,166
18400,4.93686,Raw IP,144
18500,4.96556,UDP,,178
18600,4.99271,UDP,,158
18700,5.02269,UDP,,170
18800,5.06041,ICMP,184
18900,5.0827,Raw IP,141
19000,5.114,ICMP,182
19100,5.14028,ICMP,160
19200,5.16406,UDP,,156
19300,5.19439,UDP,,163
19400,5.22726,Raw IP,143
19500,5.26237,ICMP,192
19600,5.29268,ICMP,192
19700,5.31519,ICMP,165
19800,5.34784,UDP,,170
19900,5.37264,UDP,,152
20000,5.39815,UDP,,158
20100,5.42724,ICMP,206
20200,5.46239,ICMP,161
20300,5.49517,UDP,,156
20400,5.52797,Raw IP,156
20500,5.55907,ICMP,186
20600,5.58534,Raw IP,141
20700,5.5997,UDP,,169
20800,5.6284,Raw IP,156
20900,5.66472,ICMP,184
21000,5.69335,UDP,,158
21100,5.71826,ICMP,165
21200,5.75523,UDP,,170
21300,5.78528,UDP,,156
21400,5.80831,UDP,,169
21500,5.83032,Raw IP,143
21600,5.8656,ICMP,176
21700,5.89475,ICMP,196
21800,5.91939,Raw IP,144
21900,5.95629,Raw IP,167
22000,5.98493,ICMP,161
22100,6.01672,UDP,,190
22200,6.04115,Raw IP,162
22300,6.0667,ICMP,192
22400,6.096,UDP,,190
22500,6.12043,Raw IP,144
22600,6.15833,UDP,,170
22700,6.1827,Raw IP,146
22800,6.2063,UDP,,185
22900,6.23539,ICMP,171
23000,6.26781,ICMP,163
23100,6.29757,UDP,,186
23200,6.32351,UDP,,184
23300,6.36035,ICMP,199
23400,6.38378,Raw IP,146
23500,6.4045,ICMP,197
23600,6.44328,Raw IP,162
23700,6.46888,ICMP,163
23800,6.49941,Raw IP,176
23900,6.52883,ICMP,158
24000,6.56255,UDP,,170
24100,6.5868,UDP,,169
24200,6.60551,UDP,,185
24300,6.64436,Raw IP,162
24400,6.66995,ICMP,163
24500,6.70583,Raw IP,144
24600,6.73105,UDP,,170
24700,6.76829,ICMP,180
24800,6.78878,ICMP,161
24900,6.80713,UDP,,160
25000,6.84645,Raw IP,162
25100,6.87145,UDP,,156
25200,6.90159,UDP,,185
25300,6.93176,UDP,,195
25400,6.96963,UDP,,170
25500,6.99243,UDP,,194
25600,7.01719,UDP,,160
25700,7.0485,ICMP,163
25800,7.07284,ICMP,188
25900,7.10415,Raw IP,176
26000,7.13395,UDP,,195
26100,7.17048,ICMP,186
26200,7.19727,UDP,,169
26300,7.21824,Raw IP,166
26400,7.24946,ICMP,163
26500,7.27468,UDP,,156
26600,7.30513,Raw IP,176
26700,7.33594,UDP,,170
26800,7.3734,ICMP,184
26900,7.3949,Raw IP,141
27000,7.41931,Raw IP,166
27100,7.45096,UDP,,170
27200,7.47595,Raw IP,154
27300,7.50687,UDP,,185
27400,7.53799,UDP,,170
27500,7.57453,ICMP,184
27600,7.59649,Raw IP,141
27700,7.62822,ICMP,191
27800,7.65652,ICMP,160
27900,7.68382,UDP,,194
28000,7.71225,ICMP,199
28100,7.73962,Raw IP,173
28200,7.77555,ICMP,161
28300,7.80417,UDP,,185
28400,7.82935,ICMP,165
28500,7.85753,ICMP,160
28600,7.88043,UDP,,178
28700,7.91317,Raw IP,144
28800,7.94137,UDP,,170
28900,7.97677,ICMP,176
29000,8.0049,UDP,,185
29100,8.03063,ICMP,182
29200,8.06652,UDP,,174
29300,8.08242,UDP,,152
29400,8.11444,Raw IP,144
29500,8.14165,Raw IP,173
29600,8.17785,ICMP,176
29700,8.20746,ICMP,192
29800,8.23149,Raw IP,144
29900,8.26941,Raw IP,167
30000,8.28857,UDP,,194
30100,8.31533,ICMP,185
30200,8.34355,Raw IP,143
30300,8.37877,ICMP,176
30400,8.4081,UDP,,185
30500,8.43263,ICMP,182
30600,8.47208,UDP,,174
30700,8.49449,Raw IP,146
30800,8.51645,ICMP,199
30900,8.54464,Raw IP,143
31000,8.58018,ICMP,192
31100,8.61008,ICMP,196
31200,8.63366,ICMP,182
31300,8.67227,UDP,,170
31400,8.69571,UDP,,152
31500,8.71758,ICMP,197
31600,8.74876,ICMP,171
31700,8.78097,ICMP,192
31800,8.81281,UDP,,158
31900,8.83662,ICMP,182
32000,8.87504,ICMP,199
32100,8.89709,UDP,,194
32200,8.92901,UDP,,190
32300,8.95705,ICMP,173
32400,8.98212,ICMP,163
32500,9.01447,Raw IP,176
32600,9.04442,ICMP,158
32700,9.07663,ICMP,199
32800,9.10002,UDP,,169
32900,9.12091,ICMP,197
33000,9.15858,ICMP,173
33100,9.18492,Raw IP,154
33200,9.22104,Raw IP,144
33300,9.24549,ICMP,158
33400,9.28156,ICMP,180
33500,9.30233,UDP,,169
33600,9.32234,UDP,,160
33700,9.36008,UDP,,170
33800,9.38493,UDP,,156
33900,9.42216,ICMP,185
34000,9.4488,Raw IP,173
34100,9.48337,UDP,,174
34200,9.50458,UDP,,179
34300,9.52495,UDP,,185
34400,9.56174,Raw IP,144
34500,9.58707,UDP,,156
34600,9.61999,UDP,,158
34700,9.64908,ICMP,206
34800,9.68562,ICMP,184
34900,9.71249,UDP,,152
35000,9.73858,UDP,,185
35100,9.76272,Raw IP,144
35200,9.78908,ICMP,188
35300,9.82132,UDP,,185
35400,9.85062,ICMP,206
35500,9.88581,UDP,,161
35600,9.91359,UDP,,169
35700,9.94673,ICMP,191
35800,9.96389,Raw IP,144
35900,9.9897,Raw IP,154
36000,10.0247,UDP,,186
36100,10.0517,ICMP,206
36200,10.0881,ICMP,184
36300,10.1088,Raw IP,141
36400,10.1425,UDP,,184
36500,10.1697,ICMP,160
36600,10.2011,UDP,,194
36700,10.2268,ICMP,185
36800,10.2527,Raw IP,173
36900,10.2888,ICMP,161
37000,10.3211,ICMP,192
37100,10.3493,ICMP,191
37200,10.3709,ICMP,160
37300,10.4045,Raw IP,146
37400,10.4347,Raw IP,166
37500,10.4559,UDP,,170
37600,10.4899,ICMP,161
37700,10.5222,Raw IP,140
37800,10.5499,ICMP,191
37900,10.5817,Raw IP,167
38000,10.6042,UDP,,194
38100,10.6295,ICMP,199
38200,10.6591,UDP,,195
38300,10.691,ICMP,176
38400,10.7232,Raw IP,140
38500,10.7525,ICMP,165
38600,10.7828,Raw IP,167
38700,10.8059,UDP,,178
38800,10.8306,ICMP,185
38900,10.8598,Raw IP,143
39000,10.8922,ICMP,176
39100,10.9244,ICMP,196
39200,10.9535,Raw IP,144
39300,10.9846,UDP,,170
39400,11.0091,Raw IP,146
39500,11.0317,ICMP,185
39600,11.061,UDP,,170
39700,11.0932,ICMP,192
39800,11.1256,ICMP,196
39900,11.1546,Raw IP,144
40000,11.1892,UDP,,170
40100,11.2101,UDP,,194
40200,11.2354,UDP,,185
40300,11.2648,ICMP,171
40400,11.2953,ICMP,192
40500,11.3267,Raw IP,176
40600,11.3557,ICMP,182
40700,11.3918,ICMP,199
40800,11.4166,UDP,,194
40900,11.4353,UDP,,185
41000,11.4718,ICMP,173
41100,11.4965,ICMP,192
41200,11.5277,Raw IP,176
41300,11.5625,ICMP,206
41400,11.5923,ICMP,199
41500,11.6136,UDP,,169
41600,11.6403,Raw IP,166
41700,11.6729,ICMP,173
41800,11.6991,ICMP,188
41900,11.7327,UDP,,190
42000,11.7638,ICMP,206
42100,11.7963,ICMP,180
42200,11.8156,UDP,,169
42300,11.8366,UDP,,185
42400,11.8739,ICMP,173
42500,11.9039,Raw IP,154
42600,11.9346,UDP,,163
42700,11.9652,Raw IP,173
42800,11.9978,ICMP,186
42900,12.0177,UDP,,179
43000,12.0427,Raw IP,166
43100,12.0751,Raw IP,162
43200,12.1021,UDP,,156
43300,12.1374,Raw IP,144
43400,12.1659,Raw IP,156
43500,12.1999,ICMP,184
43600,12.2209,UDP,,169
43700,12.2433,Raw IP,166
43800,12.2761,Raw IP,144
43900,12.3062,ICMP,188
44000,12.3343,UDP,,185
44100,12.3669,Raw IP,156
44200,12.4009,ICMP,161
44300,12.4263,Raw IP,141
44400,12.4448,Raw IP,166
44500,12.4768,ICMP,173
44600,12.5074,Raw IP,154
44700,12.5355,UDP,,186
44800,12.5681,Raw IP,173
44900,12.602,ICMP,184
45000,12.6333,ICMP,192
45100,12.6615,ICMP,191
45200,12.684,ICMP,160
45300,12.7149,UDP,,161
45400,12.7408,ICMP,199
45500,12.769,Raw IP,173
45600,12.8031,ICMP,161
45700,12.8343,ICMP,192
45800,12.8626,ICMP,191
45900,12.8846,ICMP,160
46000,12.9192,Raw IP,146
46100,12.9416,ICMP,199
46200,12.9702,Raw IP,143
46300,13.0042,ICMP,176
46400,13.0354,Raw IP,140
46500,13.0636,ICMP,191
46600,13.0969,Raw IP,167
46700,13.1198,Raw IP,146
46800,13.1428,UDP,,185
46900,13.1739,ICMP,171
47000,13.2052,ICMP,176
47100,13.2365,Raw IP,140
47200,13.2697,ICMP,165
47300,13.298,Raw IP,167
47400,13.3191,UDP,,178
47500,13.3439,Raw IP,144
47600,13.3749,ICMP,171
47700,13.4064,ICMP,163
47800,13.4385,UDP,,186
47900,13.4707,Raw IP,144
48000,13.4998,UDP,,170
48100,13.5219,Raw IP,146
48200,13.5449,ICMP,185
48300,13.5759,UDP,,170
48400,13.6075,ICMP,192
48500,13.6396,ICMP,196
48600,13.6719,ICMP,182
48700,13.7017,UDP,,170
48800,13.7229,Raw IP,146
48900,13.7489,ICMP,185
49000,13.7771,ICMP,171
49100,13.8086,ICMP,192
49200,13.8408,Raw IP,176
49300,13.8724,ICMP,182
49400,13.9063,UDP,,174
49500,13.9245,Raw IP,146
49600,13.9565,UDP,,160
49700,13.9845,ICMP,163
49800,14.0096,ICMP,163
49900,14.0418,Raw IP,176
50000,14.0758,Raw IP,156
50100,14.1088,UDP,,174
50200,14.1354,Raw IP,141
50300,14.1553,Raw IP,166
50400,14.1861,ICMP,163
50500,14.2155,UDP,,156
50600,14.2432,UDP,,185
50700,14.2764,Raw IP,156
50800,14.31,ICMP,180
50900,14.3293,UDP,,169
51000,14.3568,Raw IP,166
51100,14.392,ICMP,173
51200,14.4229,UDP,,156
51300,14.4452,UDP,,163
51400,14.4775,ICMP,206
51500,14.5111,ICMP,186
51600,14.5329,UDP,,179
51700,14.5549,UDP,,185
51800,14.5882,Raw IP,162
51900,14.6253,UDP,,152
52000,14.6536,Raw IP,144
52100,14.6794,ICMP,158
52200,14.7127,ICMP,184
52300,14.7355,ICMP,161
52400,14.759,Raw IP,166
52500,14.7893,Raw IP,162
52600,14.8195,Raw IP,154
52700,14.8547,Raw IP,144
52800,14.881,Raw IP,173
52900,14.9176,UDP,,174
53000,14.9447,ICMP,192
53100,14.9613,UDP,,160
53200,14.9952,ICMP,173
53300,15.0206,Raw IP,154
53400,15.0491,UDP,,186
53500,15.0821,UDP,,170
53600,15.1202,ICMP,161
53700,15.1447,ICMP,161
53800,15.1759,ICMP,191
53900,15.2002,ICMP,160
54000,15.223,UDP,,156
54100,15.2547,UDP,,186
54200,15.2832,Raw IP,173
54300,15.3175,UDP,,161
54400,15.3466,ICMP,192
54500,15.3765,ICMP,191
54600,15.4007,ICMP,160
54700,15.4314,Raw IP,146
54800,15.4605,ICMP,199
54900,15.4854,Raw IP,143
55000,15.5222,ICMP,161
55100,15.5477,Raw IP,140
55200,15.5779,ICMP,191
55300,15.614,ICMP,199
55400,15.633,UDP,,152
55500,15.6618,ICMP,199
55600,15.6863,Raw IP,143
55700,15.7233,ICMP,176
55800,15.7488,Raw IP,140
55900,15.7844,Raw IP,156
56000,15.8152,UDP,,174
56100,15.835,UDP,,179
56200,15.863,UDP,,160
56300,15.8886,ICMP,171
56400,15.9257,ICMP,176
56500,15.9504,UDP,,190
56600,15.9859,ICMP,165
56700,16.0172,Raw IP,167
56800,16.0344,UDP,,152
56900,16.0636,ICMP,185
57000,16.0951,ICMP,163
57100,16.1266,Raw IP,155
57200,16.1533,UDP,,163
57300,16.1881,Raw IP,156
57400,16.2188,UDP,,174
57500,16.2362,UDP,,152
57600,16.2651,ICMP,185
57700,16.2956,UDP,,170
57800,16.3276,Raw IP,155
57900,16.3548,ICMP,196
58000,16.389,Raw IP,144
58100,16.4211,ICMP,180
58200,16.4374,UDP,,194
58300,16.4661,ICMP,197
58400,16.4975,ICMP,163
58500,16.5286,Raw IP,155
58600,16.5557,UDP,,190
58700,16.5901,ICMP,182
58800,16.6223,ICMP,186
58900,16.6403,UDP,,169
59000,16.6672,UDP,,160
59100,16.6986,UDP,,170
59200,16.7296,ICMP,192
59300,16.7569,ICMP,196
59400,16.7912,ICMP,182
59500,16.8233,ICMP,180
59600,16.8522,UDP,,169
59700,16.8723,UDP,,160
59800,16.9004,Raw IP,144
59900,16.9316,ICMP,163
60000,16.9581,Raw IP,176
60100,16.9924,ICMP,182
60200,17.024,ICMP,186
60300,17.0444,UDP,,179
60400,17.0757,UDP,,160
60500,17.1063,ICMP,173
60600,17.1366,UDP,,174
60700,17.1592,UDP,,163
60800,17.1952,UDP,,195
60900,17.2273,ICMP,184
61000,17.2556,Raw IP,141
61100,17.2723,UDP,,160
61200,17.3042,UDP,,170
61300,17.3408,UDP,,194
61400,17.3701,UDP,,186
61500,17.4021,ICMP,163
61600,17.4285,ICMP,186
61700,17.4563,ICMP,161
61800,17.4745,UDP,,185
61900,17.5085,ICMP,173
62000,17.5391,UDP,,156
62100,17.5721,ICMP,185
62200,17.6033,ICMP,158
62300,17.6343,ICMP,188
62400,17.6578,ICMP,161
62500,17.6813,UDP,,184
62600,17.7134,ICMP,160
62700,17.7381,UDP,,156
62800,17.7726,UDP,,186
62900,17.8043,ICMP,158
63000,17.8354,ICMP,161
63100,17.86,Raw IP,140
63200,17.8906,ICMP,191
63300,17.9145,ICMP,160
63400,17.9431,UDP,,152
63500,17.9741,Raw IP,144
63600,18.0053,ICMP,158
63700,18.0365,ICMP,188
63800,18.0612,Raw IP,140
63900,18.0975,Raw IP,156
64000,18.1284,ICMP,199
64100,18.1487,UDP,,152
64200,18.1751,Raw IP,144
64300,18.2064,Raw IP,173
64400,18.2376,ICMP,161
64500,18.262,Raw IP,140
64600,18.299,Raw IP,156
64700,18.3294,UDP,,174
64800,18.3547,UDP,,179
64900,18.3763,ICMP,199
65000,18.4075,Raw IP,143
65100,18.4387,ICMP,176
65200,18.4647,UDP,,190
65300,18.5002,ICMP,182
65400,18.5313,Raw IP,167
65500,18.5625,Raw IP,141
65600,18.5948,UDP,,158
65700,18.6086,Raw IP,143
65800,18.6398,ICMP,192
65900,18.6675,UDP,,186
66000,18.7012,ICMP,165
66100,18.7325,UDP,,174
66200,18.7561,UDP,,178
66300,18.7784,ICMP,197
66400,18.8104,Raw IP,144
66500,18.8419,UDP,,170
66600,18.8691,ICMP,196
66700,18.9023,ICMP,182
66800,18.9365,UDP,,170
66900,18.9546,UDP,,169
67000,18.9795,ICMP,199
67100,19.0115,Raw IP,144
67200,19.0419,ICMP,192
67300,19.08,ICMP,185
67400,19.1111,ICMP,163
67500,19.1415,ICMP,180
67600,19.1617,UDP,,156
67700,19.1809,UDP,,186
67800,19.2135,Raw IP,144
67900,19.2433,UDP,,161
68000,19.2713,UDP,,185
68100,19.3044,ICMP,182
68200,19.342,ICMP,180
68300,19.3608,UDP,,169
68400,19.3888,UDP,,184
68500,19.4156,Raw IP,162
68600,19.4469,UDP,,156
68700,19.4727,Raw IP,176
68800,19.5055,ICMP,206
68900,19.5437,ICMP,186
69000,19.5689,ICMP,161
69100,19.5988,UDP,,184
69200,19.6196,ICMP,173
69300,19.6482,ICMP,163
69400,19.6768,ICMP,196
69500,19.7078,UDP,,195
69600,19.7446,ICMP,186
69700,19.7699,Raw IP,141
69800,19.7946,UDP,,185
69900,19.8206,ICMP,173
70000,19.8626,UDP,,170
70100,19.8861,ICMP,185
70200,19.9104,UDP,,195
70300,19.9465,ICMP,188
70400,19.9709,ICMP,161
70500,19.9893,UDP,,185
70600,20.0217,ICMP,173
70700,20.0554,Raw IP,146
70800,20.0849,UDP,,186
70900,20.1193,Raw IP,162
71000,20.1477,ICMP,184
71100,20.1721,ICMP,192
71200,20.1936,UDP,,184
71300,20.2266,ICMP,160
71400,20.2537,UDP,,156
71500,20.2884,ICMP,185
71600,20.3203,Raw IP,144
71700,20.3488,ICMP,176
71800,20.3876,UDP,,152
71900,20.4062,ICMP,191
72000,20.4277,ICMP,160
72100,20.4575,Raw IP,146
72200,20.4889,Raw IP,144
72300,20.521,Raw IP,144
72400,20.5499,Raw IP,155
72500,20.5751,ICMP,192
72600,20.6124,ICMP,182
72700,20.6415,ICMP,199
72800,20.659,Raw IP,146
72900,20.6903,Raw IP,144
73000,20.7225,ICMP,163
73100,20.7509,ICMP,176
73200,20.7758,ICMP,192
73300,20.8132,Raw IP,156
73400,20.8426,UDP,,174
73500,20.8607,UDP,,161
73600,20.8913,ICMP,185
73700,20.9238,ICMP,158
73800,20.9522,ICMP,192
73900,20.9779,UDP,,190
74000,21.0143,ICMP,165
74100,21.0446,Raw IP,167
74200,21.0692,UDP,,156
74300,21.0958,UDP,,190
74400,21.1249,ICMP,158
74500,21.1531,Raw IP,155
74600,21.1799,UDP,,190
74700,21.2154,ICMP,165
74800,21.2456,Raw IP,167
74900,21.264,UDP,,179
75000,21.3006,UDP,,185
75100,21.3258,Raw IP,173
75200,21.3542,ICMP,192
75300,21.3811,UDP,,190
75400,21.4165,Raw IP,144
75500,21.4475,UDP,,174
75600,21.4653,UDP,,152
75700,21.4947,ICMP,199
75800,21.5269,Raw IP,143
75900,21.5619,ICMP,163
76000,21.5869,UDP,,190
76100,21.6176,ICMP,182
76200,21.6497,UDP,,170
76300,21.667,UDP,,169
76400,21.6968,ICMP,199
76500,21.7281,ICMP,158
76600,21.7576,UDP,,161
76700,21.7896,ICMP,196
76800,21.8192,ICMP,182
76900,21.8556,ICMP,180
77000,21.8693,UDP,,169
77100,21.8983,UDP,,185
77200,21.9291,ICMP,171
77300,21.9641,ICMP,163
77400,21.9903,Raw IP,176
77500,22.0208,ICMP,206
77600,22.0563,ICMP,186
77700,22.0752,UDP,,169
77800,22.1026,Raw IP,166
77900,22.1313,UDP,,170
78000,22.165,ICMP,163
78100,22.1916,ICMP,196
78200,22.2231,UDP,,195
78300,22.2578,ICMP,186
78400,22.2832,Raw IP,141
78500,22.3084,UDP,,158
78600,22.3339,ICMP,173
78700,22.3663,Raw IP,154
78800,22.4004,ICMP,197
78900,22.4258,UDP,,195
79000,22.4599,ICMP,184
79100,22.4847,UDP,,163
79200,22.5161,UDP,,184
79300,22.5388,ICMP,160
79400,22.5715,ICMP,163
79500,22.6013,ICMP,185
79600,22.6325,Raw IP,162
79700,22.6609,ICMP,184
79800,22.687,UDP,,163
79900,22.7067,UDP,,184
80000,22.7399,ICMP,160
80100,22.7723,UDP,,194
80200,22.8026,Raw IP,144
80300,22.8333,Raw IP,144
80400,22.862,ICMP,184
80500,22.8902,ICMP,161
80600,22.9249,ICMP,191
80700,22.9411,ICMP,160
80800,22.9742,Raw IP,146
80900,23.0035,ICMP,197
81000,23.0348,ICMP,158
81100,23.0631,ICMP,176
81200,23.0914,Raw IP,140
81300,23.1259,ICMP,191
81400,23.1542,ICMP,199
81500,23.176,UDP,,169
81600,23.2045,ICMP,185
81700,23.2359,ICMP,163
81800,23.2648,ICMP,161
81900,23.2933,UDP,,190
82000,23.327,Raw IP,156
82100,23.3558,UDP,,174
82200,23.3775,UDP,,152
82300,23.4056,ICMP,197
82400,23.4369,Raw IP,173
82500,23.4662,ICMP,161
82600,23.4938,ICMP,192
82700,23.5287,ICMP,165
82800,23.5568,Raw IP,167
82900,23.5879,UDP,,194
83000,23.6076,ICMP,199
83100,23.638,Raw IP,173
83200,23.6673,ICMP,176
83300,23.6967,UDP,,185
83400,23.7297,ICMP,165
83500,23.7584,UDP,,174
83600,23.7886,UDP,,169
83700,23.8089,Raw IP,144
83800,23.839,Raw IP,143
83900,23.8685,ICMP,192
84000,23.8985,UDP,,190
84100,23.9308,Raw IP,144
84200,23.9603,UDP,,174
84300,23.9864,UDP,,152
84400,24.0134,UDP,,190
84500,24.0409,ICMP,171
84600,24.0695,ICMP,192
84700,24.1002,UDP,,185
84800,24.1327,ICMP,182
84900,24.1624,UDP,,170
85000,24.1867,UDP,,194
85100,24.211,Raw IP,144
85200,24.242,ICMP,171
85300,24.284,UDP,,169
85400,24.3052,ICMP,196
85500,24.3337,ICMP,182
85600,24.3689,ICMP,180
85700,24.3937,UDP,,156
85800,24.4127,UDP,,160
85900,24.445,ICMP,173
86000,24.4851,ICMP,163
86100,24.5126,Raw IP,144
86200,24.5428,Raw IP,173
86300,24.5721,Raw IP,155
86400,24.5917,UDP,,178
86500,24.6168,Raw IP,166
86600,24.6446,UDP,,170
86700,24.6861,ICMP,163
86800,24.7066,ICMP,196
86900,24.7381,UDP,,195
87000,24.7711,ICMP,186
87100,24.7993,Raw IP,141
87200,24.8179,Raw IP,166
87300,24.8466,ICMP,173
87400,24.8873,Raw IP,154
87500,24.9076,ICMP,196
87600,24.9389,UDP,,195
87700,24.9736,Raw IP,155
87800,25.0005,Raw IP,141
87900,25.0285,UDP,,160
88000,25.0491,UDP,,170
88100,25.0884,ICMP,163
88200,25.1098,UDP,,186
88300,25.1458,Raw IP,144
88400,25.1751,ICMP,188
88500,25.2015,ICMP,161
88600,25.2328,UDP,,185
88700,25.258,ICMP,160
88800,25.2893,Raw IP,146
88900,25.3176,ICMP,197
89000,25.3469,ICMP,163
89100,25.3771,ICMP,188
89200,25.4026,Raw IP,140
89300,25.4386,ICMP,191
89400,25.4587,ICMP,160
89500,25.4901,Raw IP,146
89600,25.5187,ICMP,197
89700,25.548,ICMP,163
89800,25.5785,ICMP,184
89900,25.6042,UDP,,163
90000,25.6397,ICMP,191
90100,25.668,ICMP,199
90200,25.6916,UDP,,179
90300,25.7199,UDP,,160
90400,25.749,Raw IP,173
90500,25.7794,ICMP,161
90600,25.8069,UDP,,194
90700,25.8407,Raw IP,156
90800,25.8691,UDP,,174
90900,25.8936,UDP,,156
91000,25.9208,ICMP,197
91100,25.9502,Raw IP,173
91200,25.9804,ICMP,176
91300,26.0116,Raw IP,176
91400,26.0419,ICMP,165
91500,26.0702,Raw IP,167
91600,26.0953,UDP,,178
91700,26.122,UDP,,160
91800,26.1512,Raw IP,173
91900,26.1815,ICMP,176
92000,26.2126,Raw IP,176
92100,26.243,Raw IP,144
92200,26.2717,UDP,,174
92300,26.3017,UDP,,178
92400,26.323,ICMP,199
92500,26.3523,Raw IP,143
92600,26.3826,ICMP,192
92700,26.4113,UDP,,185
92800,26.4441,Raw IP,144
92900,26.4782,UDP,,170
93000,26.5079,UDP,,152
93100,26.5242,ICMP,197
93200,26.5534,Raw IP,162
93300,26.5847,ICMP,192
93400,26.6135,UDP,,185
93500,26.6459,ICMP,182
93600,26.6762,UDP,,170
93700,26.7003,UDP,,156
93800,26.7281,Raw IP,166
93900,26.7562,UDP,,170
94000,26.7892,UDP,,161
94100,26.8163,UDP,,158
94200,26.8474,Raw IP,144
94300,26.8831,ICMP,180
94400,26.9025,UDP,,156
94500,26.9268,UDP,,160
94600,26.9573,ICMP,171
94700,26.9973,ICMP,163
94800,27.0202,ICMP,196
94900,27.0483,Raw IP,144
95000,27.0843,ICMP,180
95100,27.1043,UDP,,179
95200,27.1293,UDP,,185
95300,27.1584,ICMP,173
95400,27.1983,ICMP,163
95500,27.2245,UDP,,158
95600,27.2524,UDP,,195
95700,27.2853,ICMP,186
95800,27.3126,Raw IP,141
95900,27.3311,Raw IP,166
96000,27.3594,ICMP,173
96100,27.4006,UDP,,156
96200,27.4203,UDP,,158
96300,27.458,Raw IP,144
96400,27.4884,ICMP,188
96500,27.5165,ICMP,192
96600,27.5344,UDP,,185
96700,27.57,UDP,,170
96800,27.6015,Raw IP,154
96900,27.6226,UDP,,186
97000,27.659,Raw IP,144
97100,27.6888,ICMP,188
97200,27.7192,UDP,,156
97300,27.7435,UDP,,184
97400,27.7713,ICMP,160
97500,27.8035,Raw IP,154
97600,27.825,ICMP,196
97700,27.8603,Raw IP,143
97800,27.8904,ICMP,188
97900,27.9188,Raw IP,140
98000,27.9529,ICMP,182
98100,27.976,UDP,,170
98200,28.0047,Raw IP,154
98300,28.0322,ICMP,199
98400,28.0612,ICMP,163
98500,28.0925,ICMP,188
98600,28.1199,Raw IP,140
98700,28.154,ICMP,182
98800,28.1822,ICMP,199
98900,28.2058,UDP,,179
99000,28.2333,Raw IP,144
99100,28.2623,ICMP,158
99200,28.2936,ICMP,161
99300,28.3208,ICMP,192
99400,28.355,ICMP,191
99500,28.3833,UDP,,174
99600,28.4069,UDP,,179
99700,28.4341,ICMP,197
99800,28.4634,Raw IP,173
99900,28.4947,ICMP,161
100000,28.5231,UDP,,190
100100,28.5562,ICMP,182
100200,28.585,Raw IP,167
100300,28.6094,UDP,,156
100400,28.6352,UDP,,160
100500,28.6644,Raw IP,173
100600,28.6981,UDP,,174
100700,28.7275,UDP,,178
100800,28.7572,Raw IP,156
100900,28.7869,UDP,,174
101000,28.8137,UDP,,178
101100,28.8363,ICMP,199
101200,28.8658,Raw IP,143
101300,28.8969,ICMP,161
101400,28.9288,Raw IP,176
101500,28.9583,ICMP,165
101600,28.9913,UDP,,170
101700,29.0183,UDP,,152
101800,29.0374,Raw IP,144
101900,29.0666,Raw IP,162
102000,29.0979,ICMP,192
102100,29.1284,UDP,,190
102200,29.1593,Raw IP,144
102300,29.1953,ICMP,180
102400,29.2185,UDP,,178
102500,29.2408,UDP,,186
102600,29.2714,ICMP,171
102700,29.3,UDP,,161
102800,29.3309,Raw IP,176
102900,29.3604,Raw IP,144
103000,29.3964,ICMP,180
103100,29.4166,UDP,,179
103200,29.4487,UDP,,185
103300,29.4724,ICMP,171
103400,29.5105,ICMP,163
103500,29.5399,UDP,,185
103600,29.5615,ICMP,206
103700,29.5975,ICMP,180
103800,29.6192,UDP,,179
103900,29.644,UDP,,160
104000,29.6731,UDP,,170
104100,29.7116,ICMP,163
104200,29.7366,UDP,,158
104300,29.7647,UDP,,195
104400,29.7985,ICMP,180
104500,29.8288,Raw IP,141
104600,29.8434,Raw IP,166
104700,29.8746,ICMP,173
104800,29.9135,UDP,,169
104900,29.942,ICMP,197
105000,29.9712,Raw IP,144
105100,30.0024,UDP,,170
105200,30.0299,UDP,,163
105300,30.0445,UDP,,185
105400,30.0764,UDP,,170
105500,30.1157,UDP,,156
105600,30.1377,UDP,,186
105700,30.1723,ICMP,163
105800,30.2035,ICMP,184
105900,30.231,Raw IP,140
106000,30.2517,UDP,,185
106100,30.2885,ICMP,160
106200,30.319,UDP,,178
106300,30.3431,ICMP,185
106400,30.3734,ICMP,163
106500,30.4048,ICMP,161
106600,30.4389,UDP,,158
106700,30.4661,ICMP,182
106800,30.4893,ICMP,160
106900,30.5201,UDP,,178
107000,30.5443,ICMP,196
107100,30.5744,ICMP,163
107200,30.6057,ICMP,188
107300,30.6332,Raw IP,140
107400,30.6684,ICMP,191
107500,30.6961,ICMP,199
107600,30.721,UDP,,179
107700,30.7453,ICMP,196
107800,30.7755,ICMP,158
107900,30.8068,ICMP,161
108000,30.8343,ICMP,192
108100,30.8693,ICMP,182
108200,30.903,UDP,,174
108300,30.9249,UDP,,152
108400,30.9474,Raw IP,144
108500,30.9767,Raw IP,173
108600,31.0081,ICMP,176
108700,31.0359,UDP,,190
108800,31.0702,ICMP,191
108900,31.1045,Raw IP,167
109000,31.1233,UDP,,156
109100,31.1485,Raw IP,144
109200,31.1777,Raw IP,143
109300,31.2115,UDP,,174
109400,31.2373,UDP,,163
109500,31.2724,ICMP,191
109600,31.3059,UDP,,174
109700,31.3254,UDP,,194
109800,31.3496,ICMP,199
109900,31.3789,Raw IP,143
110000,31.4164,UDP,,170
110100,31.45,ICMP,197
110200,31.4735,Raw IP,156
110300,31.5075,Raw IP,155
110400,31.5333,UDP,,156
110500,31.5507,Raw IP,144
110600,31.5799,Raw IP,173
110700,31.6112,ICMP,192
110800,31.6431,Raw IP,176
110900,31.6746,Raw IP,144
111000,31.7084,ICMP,180
111100,31.7368,UDP,,194
111200,31.7517,Raw IP,144
111300,31.7805,Raw IP,162
111400,31.8138,UDP,,161
111500,31.8458,UDP,,158
111600,31.8757,Raw IP,144
111700,31.9098,UDP,,174
111800,31.9347,UDP,,179
111900,31.9538,UDP,,160
112000,31.9848,ICMP,171
112100,32.0239,ICMP,163
112200,32.046,UDP,,158
112300,32.0768,ICMP,206
112400,32.1128,ICMP,186
112500,32.1346,UDP,,179
112600,32.1697,UDP,,185
112700,32.1888,UDP,,170
112800,32.2249,ICMP,163
112900,32.2532,ICMP,185
113000,32.2784,UDP,,195
113100,32.3139,UDP,,174
113200,32.3421,Raw IP,141
113300,32.3579,UDP,,160
113400,32.3908,ICMP,173
113500,32.4294,UDP,,161
113600,32.4521,UDP,,186
113700,32.4818,UDP,,195
113800,32.5148,ICMP,186
113900,32.5432,UDP,,163
114000,32.5592,UDP,,185
114100,32.5914,ICMP,173
114200,32.6284,UDP,,156
114300,32.6566,ICMP,197
114400,32.6856,ICMP,163
114500,32.7178,ICMP,188
114600,32.7443,ICMP,161
114700,32.7602,Raw IP,166
114800,32.8017,ICMP,160
114900,32.8306,UDP,,156
115000,32.856,ICMP,185
115100,32.8867,ICMP,158
115200,32.9188,ICMP,161
115300,32.9471,UDP,,156
115400,32.9814,ICMP,165
115500,33.0028,ICMP,160
115600,33.0361,UDP,,194
115700,33.0584,ICMP,196
115800,33.0872,ICMP,163
115900,33.1202,ICMP,184
116000,33.1491,UDP,,163
116100,33.1824,ICMP,165
116200,33.2156,ICMP,199
116300,33.237,Raw IP,146
116400,33.2595,ICMP,196
116500,33.2888,ICMP,158
116600,33.3211,ICMP,176
116700,33.3495,UDP,,163
116800,33.3832,ICMP,182
116900,33.4167,UDP,,174
117000,33.4388,UDP,,169
117100,33.4608,ICMP,199
117200,33.49,Raw IP,173
117300,33.5222,ICMP,192
117400,33.5501,UDP,,163
117500,33.5842,ICMP,191
117600,33.6178,Raw IP,167
117700,33.6495,ICMP,161
117800,33.6768,UDP,,152
117900,33.6908,UDP,,195
118000,33.7243,ICMP,192
118100,33.7525,ICMP,192
118200,33.7852,ICMP,191
118300,33.8189,Raw IP,155
118400,33.8409,UDP,,194
118500,33.8628,ICMP,199
118600,33.8921,Raw IP,143
118700,33.9253,ICMP,184
118800,33.9581,UDP,,185
118900,33.9863,Raw IP,156
119000,34.02,Raw IP,155
119100,34.0425,UDP,,179
119200,34.0642,Raw IP,144
119300,34.0932,Raw IP,162
119400,34.1325,UDP,,161
119500,34.1581,UDP,,190
119600,34.1874,Raw IP,144
119700,34.2219,ICMP,180
119800,34.2477,UDP,,194
119900,34.2658,Raw IP,144
120000,34.2942,Raw IP,162
120100,34.3287,UDP,,161
120200,34.3576,Raw IP,176
120300,34.3885,ICMP,206
120400,34.4229,ICMP,180
120500,34.4458,UDP,,179
120600,34.467,UDP,,160
120700,34.498,ICMP,171
120800,34.5366,ICMP,163
120900,34.5663,ICMP,196
121000,34.59,ICMP,206
121100,34.6259,ICMP,186
121200,34.6537,Raw IP,141
121300,34.6704,UDP,,160
121400,34.6996,ICMP,171
121500,34.7381,ICMP,163
121600,34.7648,UDP,,158
121700,34.7915,UDP,,195
121800,34.827,ICMP,186
121900,34.8548,Raw IP,141
122000,34.878,UDP,,163
122100,34.9042,ICMP,173
122200,34.9461,UDP,,152
122300,34.9688,ICMP,197
122400,34.9942,UDP,,195
122500,35.0281,UDP,,174
122600,35.0579,UDP,,163
122700,35.0768,UDP,,185
122800,35.1092,UDP,,170
122900,35.1471,Raw IP,154
123000,35.1696,ICMP,197
123100,35.1989,ICMP,163
123200,35.2316,ICMP,188
123300,35.2597,ICMP,161
123400,35.277,Raw IP,166
123500,35.315,ICMP,160
123600,35.3483,Raw IP,154
123700,35.3708,ICMP,199
123800,35.4001,ICMP,163
123900,35.4331,ICMP,188
124000,35.4616,UDP,,163
124100,35.4942,ICMP,165
124200,35.5161,ICMP,160
124300,35.5494,Raw IP,146
124400,35.5708,ICMP,185
124500,35.602,ICMP,158
124600,35.6344,ICMP,192
124700,35.6647,ICMP,161
124800,35.6961,ICMP,191
124900,35.729,Raw IP,167
125000,35.7505,Raw IP,146
125100,35.772,ICMP,185
125200,35.8027,ICMP,158
125300,35.8354,ICMP,176
125400,35.8656,UDP,,158
125500,35.8999,ICMP,182
125600,35.93,Raw IP,167
125700,35.9526,UDP,,152
125800,35.9739,ICMP,197
125900,36.0043,Raw IP,173
126000,36.0365,ICMP,176
126100,36.0667,Raw IP,140
126200,36.1009,ICMP,191
126300,36.1312,Raw IP,155
126400,36.1586,UDP,,178
126500,36.1749,ICMP,197
126600,36.2055,Raw IP,143
126700,36.2375,ICMP,192
126800,36.2678,UDP,,158
126900,36.302,ICMP,191
127000,36.3322,ICMP,199
127100,36.3605,UDP,,169
127200,36.3823,Raw IP,166
127300,36.4065,Raw IP,162
127400,36.4388,ICMP,184
127500,36.4695,UDP,,163
127600,36.5031,Raw IP,156
127700,36.5358,Raw IP,155
127800,36.5569,UDP,,152
127900,36.5781,Raw IP,144
128000,36.6075,UDP,,170
128100,36.6437,UDP,,161
128200,36.676,UDP,,186
128300,36.7044,Raw IP,144
128400,36.7378,UDP,,170
128500,36.7586,UDP,,194
128600,36.7792,Raw IP,144
128700,36.8087,Raw IP,162
128800,36.8552,UDP,,156
128900,36.8796,ICMP,185
129000,36.9059,Raw IP,144
129100,36.9398,UDP,,170
129200,36.9647,UDP,,169
129300,36.9812,UDP,,160
129400,37.0104,ICMP,171
129500,37.0506,ICMP,163
129600,37.0782,ICMP,196
129700,37.107,ICMP,206
129800,37.1422,ICMP,188
129900,37.1655,UDP,,179
130000,37.1825,UDP,,185
130100,37.2123,UDP,,170
130200,37.2515,ICMP,163
130300,37.2753,UDP,,186
130400,37.3087,UDP,,195
130500,37.3433,ICMP,186
130600,37.3735,ICMP,192
130700,37.3897,UDP,,163
130800,37.4143,UDP,,170
130900,37.4589,UDP,,169
131000,37.4783,UDP,,186
131100,37.5122,ICMP,158
131200,37.5445,ICMP,180
131300,37.5746,ICMP,192
131400,37.6039,UDP,,185
131500,37.6228,UDP,,170
131600,37.6619,Raw IP,154
131700,37.6819,ICMP,196
131800,37.7131,ICMP,158
131900,37.7454,ICMP,186
132000,37.7748,UDP,,190
132100,37.7902,Raw IP,166
132200,37.8283,ICMP,160
132300,37.8645,Raw IP,146
132400,37.8851,ICMP,199
132500,37.9143,Raw IP,144
132600,37.9465,ICMP,186
132700,37.9769,ICMP,192
132800,38.0108,ICMP,165
132900,38.0293,ICMP,160
133000,38.0645,Raw IP,154
133100,38.0918,Raw IP,166
133200,38.1153,ICMP,163
133300,38.1485,ICMP,192
133400,38.1779,Raw IP,140
133500,38.2121,ICMP,191
133600,38.2451,ICMP,199
133700,38.2665,Raw IP,146
133800,38.2871,ICMP,185
133900,38.3164,Raw IP,173
134000,38.349,ICMP,192
134100,38.3807,Raw IP,176
134200,38.4126,ICMP,182
134300,38.4463,UDP,,174
134400,38.4674,UDP,,194
134500,38.4884,ICMP,197
134600,38.5175,Raw IP,173
134700,38.5498,ICMP,176
134800,38.5813,Raw IP,176
134900,38.6141,ICMP,191
135000,38.6473,Raw IP,167
135100,38.6724,UDP,,178
135200,38.6895,ICMP,197
135300,38.7186,Raw IP,143
135400,38.7516,ICMP,192
135500,38.7822,UDP,,163
135600,38.8152,ICMP,191
135700,38.8487,Raw IP,155
135800,38.8731,UDP,,194
135900,38.8912,Raw IP,144
136000,38.9197,Raw IP,143
136100,38.9526,ICMP,184
136200,38.9848,UDP,,158
136300,39.0166,Raw IP,156
136400,39.0502,Raw IP,155
136500,39.0791,UDP,,179
136600,39.0991,UDP,,194
136700,39.1208,Raw IP,162
136800,39.1549,UDP,,161
136900,39.1882,UDP,,185
137000,39.2182,Raw IP,144
137100,39.2514,UDP,,170
137200,39.2741,UDP,,194
137300,39.2938,Raw IP,144
137400,39.3227,ICMP,171
137500,39.3626,ICMP,163
137600,39.3923,UDP,,186
137700,39.4192,Raw IP,144
137800,39.4545,ICMP,188
137900,39.4765,UDP,,179
138000,39.4953,Raw IP,144
138100,39.5237,ICMP,171
138200,39.5697,UDP,,174
138300,39.5954,Raw IP,144
138400,39.629,ICMP,173
138500,39.6566,UDP,,161
138600,39.68,UDP,,179
138700,39.6966,UDP,,184
138800,39.7251,UDP,,170
138900,39.7638,ICMP,163
139000,39.795,UDP,,160
139100,39.8221,UDP,,195
139200,39.8574,ICMP,188
139300,39.8887,ICMP,192
139400,39.9024,UDP,,163
139500,39.9282,UDP,,170
139600,39.9718,UDP,,169
139700,39.9935,UDP,,158
139800,40.0253,ICMP,158
139900,40.0587,ICMP,161
140000,40.0927,Raw IP,176
140100,40.1077,UDP,,185
140200,40.1375,UDP,,170
140300,40.1766,Raw IP,154
140400,40.1972,ICMP,196
140500,40.226,UDP,,195
140600,40.2597,ICMP,186
140700,40.2937,Raw IP,176
140800,40.3205,UDP,,185
140900,40.3416,ICMP,160
141000,40.3778,Raw IP,146
141100,40.3983,ICMP,197
141200,40.4277,ICMP,163
141300,40.4607,ICMP,186
141400,40.4948,ICMP,192
141500,40.5242,ICMP,165
141600,40.545,UDP,,170
141700,40.5789,Raw IP,146
141800,40.6005,UDP,,185
141900,40.6298,Raw IP,144
142000,40.6619,ICMP,161
142100,40.6962,Raw IP,176
142200,40.7251,ICMP,165
142300,40.7589,Raw IP,155
142400,40.7799,Raw IP,146
142500,40.8043,UDP,,190
142600,40.8309,ICMP,163
142700,40.8676,ICMP,192
142800,40.8973,ICMP,161
142900,40.9263,ICMP,182
143000,40.96,ICMP,199
143100,40.9815,UDP,,156
143200,41.0016,ICMP,199
143300,41.0319,Raw IP,173
143400,41.0687,ICMP,184
143500,41.0982,Raw IP,140
143600,41.1274,ICMP,191
143700,41.1615,ICMP,199
143800,41.1833,UDP,,152
143900,41.2026,ICMP,199
144000,41.2331,Raw IP,173
144100,41.2663,UDP,,161
144200,41.3007,UDP,,190
144300,41.3293,ICMP,191
144400,41.3626,Raw IP,167
144500,41.3848,UDP,,178
144600,41.4046,UDP,,186
144700,41.4341,Raw IP,162
144800,41.4703,ICMP,192
144900,41.5011,UDP,,185
145000,41.5342,Raw IP,143
145100,41.5637,Raw IP,167
145200,41.5932,UDP,,179
145300,41.6083,UDP,,186
145400,41.6357,UDP,,170
145500,41.6714,ICMP,192
145600,41.7031,UDP,,190
145700,41.7354,ICMP,158
145800,41.7656,UDP,,170
145900,41.7914,Raw IP,141
146000,41.8174,UDP,,158
146100,41.8378,ICMP,171
146200,41.8729,ICMP,184
146300,41.9054,UDP,,163
146400,41.9365,ICMP,158
146500,41.9674,UDP,,170
146600,41.9902,UDP,,179
146700,42.0134,Raw IP,166
146800,42.0418,ICMP,173
146900,42.0759,ICMP,163
147000,42.1071,UDP,,160
147100,42.1376,Raw IP,156
147200,42.1696,ICMP,188
147300,42.1937,Raw IP,141
147400,42.2106,Raw IP,144
147500,42.2401,UDP,,170
147600,42.2882,Raw IP,154
147700,42.3084,ICMP,197
147800,42.3386,Raw IP,144
147900,42.3708,ICMP,180
148000,42.3951,Raw IP,141
148100,42.4128,UDP,,184
148200,42.4439,ICMP,173
148300,42.488,UDP,,169
148400,42.5093,ICMP,196
148500,42.5397,Raw IP,144
148600,42.5719,ICMP,161
148700,42.6059,Raw IP,176
148800,42.6157,UDP,,184
148900,42.6449,ICMP,173
149000,42.6904,UDP,,169
149100,42.7104,ICMP,185
149200,42.7408,ICMP,206
149300,42.7726,ICMP,161
149400,42.807,Raw IP,176
149500,42.8228,UDP,,185
149600,42.8548,ICMP,160
149700,42.8914,Raw IP,154
149800,42.9115,ICMP,185
149900,42.9421,Raw IP,144
150000,42.974,UDP,,161
150100,43.0082,Raw IP,176
150200,43.0412,ICMP,182
150300,43.0559,ICMP,160
150400,43.0931,Raw IP,146
150500,43.1126,ICMP,197
150600,43.1437,Raw IP,144
150700,43.1752,ICMP,161
150800,43.2092,UDP,,163
150900,43.2384,ICMP,165
151000,43.2725,Raw IP,155
151100,43.2989,Raw IP,141
151200,43.3211,UDP,,156
151300,43.345,ICMP,163
151400,43.3763,ICMP,176
151500,43.4103,ICMP,161
151600,43.4433,ICMP,182
151700,43.4736,ICMP,199
151800,43.4954,UDP,,156
151900,43.5169,UDP,,186
152000,43.5479,ICMP,163
152100,43.5783,UDP,,161
152200,43.6123,UDP,,185
152300,43.6444,ICMP,191
152400,43.6746,ICMP,199
152500,43.6972,UDP,,156
152600,43.7185,UDP,,184
152700,43.7489,Raw IP,173
152800,43.7845,ICMP,163
152900,43.8152,Raw IP,140
153000,43.8455,ICMP,191
153100,43.876,Raw IP,167
153200,43.8988,UDP,,156
153300,43.9185,UDP,,185
153400,43.95,Raw IP,173
153500,43.9836,ICMP,184
153600,44.0173,Raw IP,140
153700,44.0475,Raw IP,143
153800,44.0769,Raw IP,167
153900,44.1032,Raw IP,141
154000,44.1203,UDP,,184
154100,44.1511,Raw IP,162
154200,44.1852,ICMP,192
154300,44.2183,ICMP,185
154400,44.2488,ICMP,158
154500,44.2847,ICMP,188
154600,44.3053,UDP,,179
154700,44.3247,UDP,,185
154800,44.3538,ICMP,171
154900,44.387,UDP,,161
155000,44.4195,Raw IP,140
155100,44.4496,ICMP,158
155200,44.4809,UDP,,170
155300,44.5162,ICMP,161
155400,44.5342,UDP,,179
155500,44.555,ICMP,171
155600,44.5925,UDP,,161
155700,44.6209,ICMP,197
155800,44.6509,Raw IP,156
155900,44.6868,ICMP,188
156000,44.7059,UDP,,179
156100,44.7328,UDP,,185
156200,44.7585,UDP,,195
156300,44.7924,UDP,,161
156400,44.8216,UDP,,186
156500,44.852,ICMP,206
156600,44.8879,ICMP,188
156700,44.9098,UDP,,194
156800,44.9276,UDP,,184
156900,44.9606,ICMP,173
157000,45.003,Raw IP,154
157100,45.0229,ICMP,199
157200,45.053,Raw IP,144
157300,45.0889,ICMP,186
157400,45.119,Raw IP,176
157500,45.1292,UDP,,184
157600,45.1631,UDP,,170
157700,45.2037,UDP,,169
157800,45.2239,ICMP,197
157900,45.254,ICMP,206
158000,45.2901,ICMP,186
158100,45.3205,ICMP,161
158200,45.3339,Raw IP,166
158300,45.3681,ICMP,160
158400,45.4051,Raw IP,154
158500,45.4251,ICMP,197
158600,45.4564,UDP,,195
158700,45.492,ICMP,161
158800,45.5245,UDP,,194
158900,45.5505,ICMP,165
159000,45.5687,ICMP,160
159100,45.6072,Raw IP,146
159200,45.6264,ICMP,199
159300,45.6586,UDP,,195
159400,45.6931,ICMP,161
159500,45.7225,UDP,,163
159600,45.7538,UDP,,186
159700,45.7858,ICMP,199
159800,45.8079,UDP,,152
159900,45.828,ICMP,199
160000,45.8605,Raw IP,144
160100,45.8942,ICMP,161
160200,45.9236,ICMP,161
160300,45.9566,ICMP,182
160400,45.9869,Raw IP,155
160500,46.0123,UDP,,152
160600,46.037,Raw IP,166
160700,46.062,ICMP,163
160800,46.0955,ICMP,176
160900,46.1281,UDP,,190
161000,46.1576,ICMP,191
161100,46.188,Raw IP,155
161200,46.2105,UDP,,179
161300,46.2376,UDP,,158
161400,46.2631,Raw IP,173
161500,46.2966,ICMP,176
161600,46.3294,ICMP,185
161700,46.3588,ICMP,191
161800,46.3892,Raw IP,167
161900,46.4119,UDP,,152
162000,46.4327,UDP,,186
162100,46.4643,Raw IP,162
162200,46.4983,ICMP,163
162300,46.5306,Raw IP,140
162400,46.5607,Raw IP,143
162500,46.5902,Raw IP,167
162600,46.6132,UDP,,179
162700,46.6354,UDP,,163
162800,46.6653,UDP,,170
162900,46.6994,ICMP,192
163000,46.7337,ICMP,197
163100,46.762,Raw IP,156
163200,46.7918,UDP,,170
163300,46.8177,UDP,,179
163400,46.8362,UDP,,186
163500,46.8664,Raw IP,162
163600,46.9005,ICMP,163
163700,46.9332,ICMP,196
163800,46.963,ICMP,158
163900,47.0003,ICMP,186
164000,47.023,UDP,,194
164100,47.0422,UDP,,158
164200,47.0686,ICMP,171
164300,47.1035,UDP,,161
164400,47.1349,ICMP,196
164500,47.1641,Raw IP,156
164600,47.201,ICMP,180
164700,47.2215,UDP,,179
164800,47.2462,UDP,,185
164900,47.2732,ICMP,173
165000,47.3043,UDP,,161
165100,47.3366,ICMP,197
165200,47.3652,Raw IP,144
165300,47.4021,ICMP,180
165400,47.4206,Raw IP,141
165500,47.4441,Raw IP,166
165600,47.4743,ICMP,173
165700,47.5144,Raw IP,154
165800,47.538,ICMP,197
165900,47.5663,Raw IP,144
166000,47.6032,ICMP,188
166100,47.6363,ICMP,185
166200,47.6443,UDP,,186
166300,47.6753,ICMP,173
166400,47.7168,UDP,,152
166500,47.7391,ICMP,199
166600,47.7674,ICMP,206
166700,47.8043,ICMP,186
166800,47.8369,ICMP,185
166900,47.8461,Raw IP,166
167000,47.8832,ICMP,160
167100,47.9172,UDP,,156
167200,47.9401,ICMP,199
167300,47.9716,Raw IP,144
167400,48.0055,UDP,,161
167500,48.0385,ICMP,192
167600,48.0648,ICMP,165
167700,48.0843,ICMP,160
167800,48.1205,Raw IP,146
167900,48.1412,Raw IP,144
168000,48.1731,Raw IP,144
168100,48.2066,ICMP,184
168200,48.2398,ICMP,192
168300,48.2658,ICMP,165
168400,48.3,ICMP,199
168500,48.3215,Raw IP,146
168600,48.3424,UDP,,184
168700,48.3742,ICMP,163
168800,48.4077,ICMP,176
168900,48.4405,ICMP,192
169000,48.471,ICMP,158
169100,48.5012,Raw IP,155
169200,48.5228,UDP,,152
169300,48.5494,Raw IP,166
169400,48.5755,Raw IP,173
169500,48.6087,ICMP,176
169600,48.6426,ICMP,161
169700,48.672,ICMP,182
169800,48.7023,Raw IP,155
169900,48.7301,UDP,,169
170000,48.7484,UDP,,160
170100,48.7766,Raw IP,173
170200,48.8107,UDP,,174
170300,48.8436,ICMP,161
170400,48.8731,ICMP,182
170500,48.9034,Raw IP,167
170600,48.9255,UDP,,152
170700,48.9545,UDP,,185
170800,48.9775,Raw IP,162
170900,49.0127,ICMP,163
171000,49.0458,ICMP,196
171100,49.0741,ICMP,191
171200,49.1045,Raw IP,167
171300,49.1269,UDP,,178
171400,49.1486,UDP,,186
171500,49.1786,UDP,,195
171600,49.2132,ICMP,192
171700,49.2468,UDP,,158
171800,49.2752,ICMP,158
171900,49.3062,UDP,,174
172000,49.333,UDP,,194
172100,49.3504,UDP,,158
172200,49.3814,UDP,,170
172300,49.4146,ICMP,192
172400,49.4481,ICMP,199
172500,49.4766,Raw IP,156
172600,49.5094,UDP,,170
172700,49.5308,UDP,,179
172800,49.5542,UDP,,163
172900,49.5833,UDP,,170
173000,49.6158,ICMP,192
173100,49.6489,ICMP,196
173200,49.6774,Raw IP,156
173300,49.7145,ICMP,161
173400,49.7475,ICMP,185
173500,49.7689,UDP,,185
173600,49.7855,ICMP,173
173700,49.8179,UDP,,161
173800,49.8501,ICMP,197
173900,49.8785,Raw IP,144
174000,49.9153,ICMP,180
174100,49.9451,UDP,,194
174200,49.9719,UDP,,163
174300,49.9905,UDP,,170
174400,50.0288,Raw IP,154
174500,50.0524,ICMP,199
174600,50.0795,Raw IP,144
174700,50.1165,ICMP,188
174800,50.1516,ICMP,185
174900,50.1679,UDP,,185
175000,50.2009,UDP,,195
175100,50.2297,UDP,,169
175200,50.2533,ICMP,199
175300,50.2807,ICMP,206
175400,50.3177,ICMP,186
175500,50.3526,ICMP,185
175600,50.3644,Raw IP,166
175700,50.3961,ICMP,160
175800,50.4345,Raw IP,146
175900,50.4555,UDP,,184
176000,50.4859,Raw IP,144
176100,50.5186,UDP,,161
176200,50.5536,Raw IP,176
176300,50.5785,ICMP,165
176400,50.5976,ICMP,160
176500,50.6329,UDP,,152
176600,50.6562,Raw IP,144
176700,50.6873,Raw IP,144
176800,50.7206,ICMP,176
176900,50.7548,ICMP,192
177000,50.7796,ICMP,165
177100,50.8133,Raw IP,155
177200,50.835,UDP,,169
177300,50.8567,Raw IP,144
177400,50.8884,ICMP,163
177500,50.9216,ICMP,184
177600,50.9567,UDP,,160
177700,50.9841,Raw IP,143
177800,51.0144,ICMP,199
177900,51.0375,UDP,,152
178000,51.063,UDP,,185
178100,51.0896,Raw IP,173
178200,51.1226,ICMP,176
178300,51.1574,ICMP,161
178400,51.1852,ICMP,182
178500,51.2153,ICMP,199
178600,51.2399,UDP,,179
178700,51.2611,UDP,,158
178800,51.2908,Raw IP,173
178900,51.3239,ICMP,184
179000,51.3589,ICMP,161
179100,51.3862,ICMP,182
179200,51.4165,Raw IP,167
179300,51.4447,Raw IP,141
179400,51.4724,UDP,,160
179500,51.4917,Raw IP,162
179600,51.5248,ICMP,184
179700,51.5602,UDP,,186
179800,51.5883,ICMP,191
179900,51.6174,UDP,,174
180000,51.641,Raw IP,146
180100,51.6795,UDP,,160
180200,51.6955,ICMP,173
180300,51.7268,ICMP,192
180400,51.7611,Raw IP,140
180500,51.7894,ICMP,158
180600,51.8215,UDP,,170
180700,51.8431,UDP,,179
180800,51.8643,UDP,,186
180900,51.8966,ICMP,173
181000,51.9332,UDP,,174
181100,51.9628,ICMP,196
181200,51.9905,ICMP,158
181300,52.0262,UDP,,170
181400,52.0451,UDP,,178
181500,52.0675,UDP,,184
181600,52.0975,UDP,,170
181700,52.1307,UDP,,174
181800,52.1644,ICMP,199
181900,52.1916,Raw IP,156
182000,52.2276,ICMP,188
182100,52.2562,UDP,,194
182200,52.2693,UDP,,185
182300,52.2988,ICMP,171
182400,52.3309,UDP,,161
182500,52.3652,ICMP,196
182600,52.3927,Raw IP,144
182700,52.4286,ICMP,186
182800,52.4535,UDP,,179
182900,52.4758,UDP,,186
183000,52.5,ICMP,171
183100,52.5418,Raw IP,154
183200,52.5664,ICMP,197
183300,52.5938,Raw IP,144
183400,52.63,ICMP,161
183500,52.6657,ICMP,161
183600,52.689,UDP,,184
183700,52.7031,UDP,,170
183800,52.7429,UDP,,169
183900,52.7674,ICMP,199
184000,52.7948,ICMP,206
184100,52.831,ICMP,161
184200,52.8664,ICMP,161
184300,52.8785,Raw IP,166
184400,52.9101,UDP,,195
184500,52.9451,UDP,,156
184600,52.9687,Raw IP,144
184700,53.0007,Raw IP,144
184800,53.0323,ICMP,176
184900,53.0684,ICMP,185
185000,53.0942,ICMP,165
185100,53.1204,UDP,,170
185200,53.149,UDP,,178
185300,53.17,UDP,,184
185400,53.2016,Raw IP,144
185500,53.2338,ICMP,184
185600,53.27,Raw IP,176
185700,53.2953,ICMP,165
185800,53.3285,ICMP,199
185900,53.3481,UDP,,152
186000,53.372,UDP,,158
186100,53.4028,Raw IP,162
186200,53.4349,ICMP,184
186300,53.471,Raw IP,176
186400,53.4983,Raw IP,143
186500,53.5344,Raw IP,155
186600,53.551,UDP,,178
186700,53.5735,UDP,,185
186800,53.6039,Raw IP,173
186900,53.6368,ICMP,192
187000,53.6726,ICMP,196
187100,53.6994,ICMP,182
187200,53.7355,Raw IP,155
187300,53.7531,Raw IP,146
187400,53.775,UDP,,163
187500,53.8049,Raw IP,173
187600,53.838,ICMP,192
187700,53.8733,UDP,,163
187800,53.9014,ICMP,206
187900,53.9366,Raw IP,167
188000,53.9606,UDP,,169
188100,53.9766,UDP,,163
188200,54.006,Raw IP,162
188300,54.0392,ICMP,163
188400,54.0744,Raw IP,140
188500,54.1016,ICMP,191
188600,54.1377,ICMP,180
188700,54.1625,Raw IP,141
188800,54.1855,UDP,,186
188900,54.2071,UDP,,195
189000,54.2402,ICMP,163
189100,54.2755,Raw IP,140
189200,54.3027,ICMP,158
189300,54.3388,ICMP,180
189400,54.3602,Raw IP,146
189500,54.3971,UDP,,160
189600,54.4091,UDP,,170
189700,54.4423,UDP,,174
189800,54.4782,ICMP,196
189900,54.504,ICMP,158
190000,54.5402,ICMP,188
190100,54.5637,UDP,,194
190200,54.5838,UDP,,185
190300,54.611,ICMP,171
190400,54.6511,UDP,,170
190500,54.6793,ICMP,196
190600,54.7056,Raw IP,156
190700,54.7417,ICMP,188
190800,54.7749,UDP,,178
190900,54.7879,UDP,,186
191000,54.8122,ICMP,171
191100,54.8468,UDP,,174
191200,54.8804,ICMP,199
191300,54.9067,ICMP,206
191400,54.9428,ICMP,186
191500,54.9701,Raw IP,141
191600,54.9852,UDP,,163
191700,55.0135,UDP,,170
191800,55.059,Raw IP,154
191900,55.0815,ICMP,199
192000,55.1078,Raw IP,144
192100,55.144,ICMP,161
192200,55.181,Raw IP,140
192300,55.2084,ICMP,206
192400,55.236,UDP,,163
192500,55.2602,Raw IP,154
192600,55.2826,Raw IP,144
192700,55.3089,ICMP,206
192800,55.3451,ICMP,161
192900,55.3821,Raw IP,140
193000,55.4064,ICMP,165
193100,55.4269,ICMP,160
193200,55.4617,UDP,,156
193300,55.4837,Raw IP,144
193400,55.5148,Raw IP,144
193500,55.5464,UDP,,174
193600,55.5821,ICMP,185
193700,55.6075,ICMP,165
193800,55.6275,ICMP,160
193900,55.6716,Raw IP,146
194000,55.6849,Raw IP,144
194100,55.7161,Raw IP,173
194200,55.7482,ICMP,192
194300,55.7832,Raw IP,176
194400,55.8086,ICMP,165
194500,55.8417,ICMP,199
194600,55.8712,UDP,,169
194700,55.8892,UDP,,160
194800,55.9175,Raw IP,173
194900,55.9487,ICMP,184
195000,55.9843,ICMP,192
195100,56.0116,Raw IP,143
195200,56.0486,ICMP,188
195300,56.0675,UDP,,152
195400,56.0869,ICMP,197
195500,56.119,UDP,,195
195600,56.1503,ICMP,192
195700,56.1854,ICMP,192
195800,56.2127,ICMP,182
195900,56.2497,ICMP,188
196000,56.2699,UDP,,179
196100,56.2892,UDP,,185
196200,56.3206,ICMP,173
196300,56.3519,ICMP,163
196400,56.3884,ICMP,199
196500,56.4137,ICMP,182
196600,56.4509,Raw IP,155
196700,56.4762,Raw IP,146
196800,56.4911,UDP,,190
196900,56.5211,Raw IP,162
197000,56.5529,ICMP,192
197100,56.5887,Raw IP,140
197200,56.6148,ICMP,191
197300,56.652,Raw IP,167
197400,56.6781,Raw IP,141
197500,56.6969,UDP,,184
197600,56.7222,Raw IP,162
197700,56.7545,ICMP,163
197800,56.7897,Raw IP,140
197900,56.8159,ICMP,158
198000,56.853,Raw IP,167
198100,56.8884,UDP,,179
198200,56.9071,UDP,,178
198300,56.9233,ICMP,173
198400,56.9559,UDP,,174
198500,56.9914,UDP,,160
198600,57.0205,ICMP,158
198700,57.0542,ICMP,180
198800,57.0803,Raw IP,141
198900,57.1122,UDP,,186
199000,57.1283,UDP,,195
199100,57.1571,UDP,,170
199200,57.1936,ICMP,199
199300,57.2228,Raw IP,144
199400,57.2552,ICMP,180
199500,57.2813,Raw IP,141
199600,57.2974,UDP,,185
199700,57.3254,ICMP,171
199800,57.3641,UDP,,170
199900,57.3944,UDP,,163
200000,57.4241,Raw IP,144
200100,57.4564,ICMP,186
200200,57.4828,UDP,,178
200300,57.4987,UDP,,185
200400,57.5265,ICMP,171
200500,57.5732,Raw IP,154
200600,57.5958,Raw IP,144
200700,57.6245,Raw IP,144
200800,57.6575,ICMP,161
200900,57.6913,ICMP,161
201000,57.7083,UDP,,160
201100,57.7295,UDP,,195
201200,57.7744,UDP,,156
201300,57.7967,ICMP,196
201400,57.8261,ICMP,206
201500,57.8586,ICMP,161
201600,57.8935,UDP,,178
201700,57.9136,UDP,,185
201800,57.9399,ICMP,160
201900,57.9762,UDP,,156
202000,57.9979,Raw IP,144
202100,58.0276,UDP,,170
202200,58.0608,ICMP,176
202300,58.0974,ICMP,185
202400,58.1217,ICMP,165
202500,58.1525,ICMP,199
202600,58.1786,UDP,,152
202700,58.1991,ICMP,197
202800,58.2287,Raw IP,144
202900,58.2618,ICMP,176
203000,58.2985,ICMP,185
203100,58.3228,ICMP,165
203200,58.3541,ICMP,199
203300,58.3866,UDP,,169
203400,58.4013,UDP,,160
203500,58.4307,UDP,,170
203600,58.4634,ICMP,176
203700,58.4996,ICMP,185
203800,58.5284,Raw IP,143
203900,58.5619,ICMP,180
204000,58.5888,Raw IP,141
204100,58.6083,Raw IP,166
204200,58.6325,Raw IP,173
204300,58.6646,ICMP,192
204400,58.701,ICMP,185
204500,58.7299,ICMP,182
204600,58.763,ICMP,180
204700,58.7835,UDP,,179
204800,58.8071,UDP,,185
204900,58.8333,Raw IP,173
205000,58.8656,ICMP,163
205100,58.9019,UDP,,160
205200,58.9309,ICMP,182
205300,58.9642,ICMP,188
205400,58.9904,Raw IP,146
205500,59.0049,UDP,,186
205600,59.0344,Raw IP,173
205700,59.0667,ICMP,163
205800,59.1036,ICMP,196
205900,59.1322,ICMP,158
206000,59.1653,Raw IP,155
206100,59.1915,Raw IP,146
206200,59.2076,UDP,,184
206300,59.2355,Raw IP,162
206400,59.2678,ICMP,163
206500,59.3041,ICMP,192
206600,59.3336,UDP,,163
206700,59.3664,Raw IP,155
206800,59.3935,Raw IP,141
206900,59.4096,UDP,,185
207000,59.4367,ICMP,173
207100,59.4728,UDP,,170
207200,59.5059,UDP,,186
207300,59.5342,ICMP,158
207400,59.5674,Raw IP,167
207500,59.6051,Raw IP,176
207600,59.6156,UDP,,158
207700,59.6384,UDP,,195
207800,59.6715,UDP,,174
207900,59.707,ICMP,196
208000,59.738,ICMP,163
208100,59.769,UDP,,170
208200,59.8064,ICMP,185
208300,59.8358,ICMP,182
208400,59.8648,UDP,,163
208500,59.8806,UDP,,174
208600,59.9082,ICMP,199
208700,59.9392,Raw IP,156
208800,59.9704,ICMP,186
208900,59.9975,UDP,,178
209000,60.0135,UDP,,185
209100,60.0509,UDP,,170
209200,60.089,UDP,,170
209300,60.1092,ICMP,199
209400,60.1402,Raw IP,156
209500,60.1722,UDP,,170
209600,60.2042,ICMP,161
209700,60.2161,UDP,,185
209800,60.2443,ICMP,171
209900,60.2876,UDP,,156
210000,60.3103,UDP,,184
210100,60.3415,ICMP,163
210200,60.3735,ICMP,186
210300,60.4057,ICMP,161
210400,60.4213,UDP,,184
210500,60.4536,ICMP,160
210600,60.4903,UDP,,156
210700,60.5114,ICMP,197
210800,60.5424,ICMP,206
210900,60.5747,ICMP,161
211000,60.6107,ICMP,185
211100,60.636,ICMP,165
211200,60.6573,UDP,,170
211300,60.6946,UDP,,152
211400,60.7125,ICMP,197
211500,60.7435,ICMP,206
211600,60.7757,ICMP,161
211700,60.8127,Raw IP,140
211800,60.841,ICMP,182
211900,60.8673,ICMP,199
212000,60.901,UDP,,169
212100,60.9172,UDP,,160
212200,60.9446,Raw IP,144
212300,60.9769,ICMP,176
212400,61.0139,Raw IP,176
212500,61.042,Raw IP,143
212600,61.0752,ICMP,180
212700,61.1025,Raw IP,141
212800,61.1204,UDP,,158
212900,61.1458,UDP,,195
213000,61.1779,ICMP,176
213100,61.2148,ICMP,192
213200,61.2434,ICMP,182
213300,61.2758,ICMP,180
213400,61.3099,ICMP,161
213500,61.3402,ICMP,165
213600,61.3488,UDP,,160
213700,61.379,ICMP,192
213800,61.4166,ICMP,192
213900,61.4443,ICMP,191
214000,61.4769,ICMP,188
214100,61.5037,Raw IP,146
214200,61.5233,Raw IP,166
214300,61.5489,Raw IP,162
214400,61.5802,ICMP,163
214500,61.618,Raw IP,140
214600,61.6453,ICMP,158
214700,61.6785,Raw IP,155
214800,61.7047,Raw IP,146
214900,61.7214,UDP,,190
215000,61.7498,Raw IP,162
215100,61.7818,ICMP,163
215200,61.8191,ICMP,196
215300,61.8464,ICMP,191
215400,61.8796,Raw IP,155
215500,61.9063,UDP,,194
215600,61.9244,UDP,,163
215700,61.9509,ICMP,173
215800,61.9833,UDP,,170
215900,62.0202,ICMP,196
216000,62.0475,ICMP,191
216100,62.0814,Raw IP,167
216200,62.1108,UDP,,179
216300,62.1265,UDP,,158
216400,62.1525,UDP,,195
216500,62.1848,UDP,,161
216600,62.2212,ICMP,196
216700,62.2513,Raw IP,144
216800,62.2835,ICMP,184
216900,62.3208,Raw IP,176
217000,62.3402,UDP,,194
217100,62.3567,ICMP,171
217200,62.3902,UDP,,174
217300,62.4223,ICMP,196
217400,62.4524,ICMP,163
217500,62.4847,ICMP,184
217600,62.5109,UDP,,178
217700,62.542,UDP,,184
217800,62.5598,UDP,,184
217900,62.6037,Raw IP,154
218000,62.6235,ICMP,199
218100,62.6534,ICMP,163
218200,62.6857,ICMP,186
218300,62.7178,ICMP,161
218400,62.7295,UDP,,186
218500,62.7689,UDP,,195
218600,62.8047,UDP,,152
218700,62.8246,ICMP,199
218800,62.8569,Raw IP,156
218900,62.8868,ICMP,186
219000,62.9189,ICMP,161
219100,62.9306,Raw IP,166
219200,62.9678,ICMP,160
219300,63.0061,UDP,,179
219400,63.0263,ICMP,197
219500,63.0585,ICMP,206
219600,63.0887,ICMP,161
219700,63.1248,UDP,,158
219800,63.1522,ICMP,165
219900,63.1683,ICMP,160
220000,63.208,UDP,,152
220100,63.2274,ICMP,197
220200,63.2595,ICMP,206
220300,63.2898,ICMP,176
220400,63.326,ICMP,185
220500,63.3565,Raw IP,143
220600,63.3825,ICMP,199
220700,63.4101,UDP,,169
220800,63.4285,ICMP,197
220900,63.4609,Raw IP,156
221000,63.4909,ICMP,176
221100,63.5273,Raw IP,176
221200,63.5572,Raw IP,143
221300,63.588,Raw IP,155
221400,63.6148,Raw IP,146
221500,63.6298,UDP,,190
221600,63.6614,UDP,,195
221700,63.6922,ICMP,163
221800,63.7286,UDP,,160
221900,63.7583,ICMP,182
222000,63.7895,Raw IP,155
222100,63.8164,Raw IP,141
222200,63.8381,UDP,,158
222300,63.8633,Raw IP,173
222400,63.8931,ICMP,192
222500,63.9301,ICMP,192
222600,63.9594,ICMP,182
222700,63.9906,ICMP,180
222800,64.0214,UDP,,179
222900,64.0336,ICMP,197
223000,64.0648,Raw IP,162
223100,64.0941,ICMP,192
223200,64.1312,ICMP,192
223300,64.1605,ICMP,158
223400,64.1917,ICMP,188
223500,64.218,Raw IP,146
223600,64.2347,ICMP,197
223700,64.2659,Raw IP,162
223800,64.2954,ICMP,163
223900,64.3325,ICMP,196
224000,64.3616,ICMP,191
224100,64.393,ICMP,188
224200,64.4191,UDP,,178
224300,64.4369,UDP,,185
224400,64.467,ICMP,173
224500,64.5134,Raw IP,154
224600,64.5367,Raw IP,144
224700,64.5627,ICMP,191
224800,64.5952,Raw IP,167
224900,64.6214,UDP,,194
225000,64.646,UDP,,158
225100,64.6686,UDP,,195
225200,64.6981,UDP,,161
225300,64.7385,Raw IP,140
225400,64.7687,Raw IP,144
225500,64.7968,ICMP,184
225600,64.8309,ICMP,161
225700,64.8446,Raw IP,166
225800,64.872,ICMP,171
225900,64.9012,UDP,,161
226000,64.9395,UDP,,185
226100,64.9666,ICMP,163
226200,64.9978,ICMP,184
226300,65.0346,UDP,,178
226400,65.047,UDP,,163
226500,65.073,ICMP,171
226600,65.1165,Raw IP,154
226700,65.1407,ICMP,196
226800,65.1677,ICMP,163
226900,65.1989,ICMP,184
227000,65.2326,ICMP,161
227100,65.2642,UDP,,185
227200,65.2809,ICMP,160
227300,65.318,UDP,,152
227400,65.3423,UDP,,158
227500,65.3717,Raw IP,156
227600,65.4001,ICMP,186
227700,65.4341,ICMP,161
227800,65.452,UDP,,185
227900,65.4814,ICMP,160
228000,65.522,UDP,,169
228100,65.5444,Raw IP,144
228200,65.5727,ICMP,206
228300,65.6013,UDP,,170
228400,65.6387,UDP,,160
228500,65.6649,ICMP,165
228600,65.683,ICMP,160
228700,65.7229,UDP,,152
228800,65.7455,ICMP,197
228900,65.7738,ICMP,206
229000,65.803,ICMP,161
229100,65.843,ICMP,199
229200,65.866,ICMP,165
229300,65.8987,ICMP,199
229400,65.9229,UDP,,152
229500,65.9465,Raw IP,144
229600,65.975,Raw IP,144
229700,66.0042,ICMP,192
229800,66.0441,ICMP,199
229900,66.0714,Raw IP,143
230000,66.1012,Raw IP,155
230100,66.1256,UDP,,152
230200,66.1475,Raw IP,144
230300,66.1761,UDP,,195
230400,66.2052,ICMP,176
230500,66.2462,Raw IP,176
230600,66.2723,ICMP,158
230700,66.3027,Raw IP,155
230800,66.3269,UDP,,156
230900,66.3491,UDP,,163
231000,66.3779,Raw IP,173
231100,66.4063,ICMP,176
231200,66.4474,Raw IP,176
231300,66.474,ICMP,182
231400,66.5038,ICMP,180
231500,66.5352,UDP,,179
231600,66.5534,UDP,,190
231700,66.5801,Raw IP,162
231800,66.6074,ICMP,163
231900,66.6484,ICMP,192
232000,66.6756,ICMP,158
232100,66.705,ICMP,188
232200,66.7342,UDP,,178
232300,66.7532,Raw IP,166
232400,66.7811,Raw IP,162
232500,66.8146,UDP,,174
232600,66.8495,ICMP,192
232700,66.8767,ICMP,191
232800,66.906,ICMP,188
232900,66.9352,UDP,,178
233000,66.9529,UDP,,186
233100,66.9824,ICMP,173
233200,67.0108,UDP,,161
233300,67.0506,UDP,,163
233400,67.0778,ICMP,191
233500,67.1085,UDP,,170
233600,67.1377,UDP,,178
233700,67.155,UDP,,185
233800,67.1838,UDP,,195
233900,67.2204,UDP,,161
234000,67.2534,Raw IP,144
234100,67.2798,Raw IP,144
234200,67.311,ICMP,161
234300,67.3393,Raw IP,141
234400,67.3564,UDP,,158
234500,67.3851,ICMP,171
234600,67.4147,UDP,,174
234700,67.4532,Raw IP,176
234800,67.4842,Raw IP,144
234900,67.5122,Raw IP,167
235000,67.5404,Raw IP,141
235100,67.558,UDP,,163
235200,67.5863,UDP,,170
235300,67.6304,Raw IP,154
235400,67.6545,ICMP,196
235500,67.6858,Raw IP,144
235600,67.7132,ICMP,184
235700,67.753,UDP,,179
235800,67.7696,UDP,,184
235900,67.7916,UDP,,170
236000,67.8313,UDP,,152
236100,67.8558,ICMP,196
236200,67.8871,ICMP,163
236300,67.9143,ICMP,184
236400,67.9498,ICMP,161
236500,67.9815,Raw IP,143
236600,67.9985,UDP,,195
236700,68.0329,UDP,,169
236800,68.0577,ICMP,196
236900,68.0881,ICMP,163
237000,68.1166,ICMP,186
237100,68.1543,ICMP,199
237200,68.1787,ICMP,165
237300,68.2109,ICMP,199
237400,68.2346,UDP,,152
237500,68.2589,Raw IP,144
237600,68.2889,Raw IP,156
237700,68.318,UDP,,174
237800,68.3553,ICMP,199
237900,68.379,ICMP,165
238000,68.412,ICMP,199
238100,68.4367,UDP,,169
238200,68.4608,ICMP,197
238300,68.491,Raw IP,173
238400,68.5193,ICMP,176
238500,68.5564,ICMP,199
238600,68.5852,Raw IP,143
238700,68.6174,ICMP,161
238800,68.6381,UDP,,152
238900,68.6619,Raw IP,166
239000,68.6914,UDP,,195
239100,68.7205,ICMP,192
239200,68.7613,Raw IP,140
239300,68.7863,ICMP,182
239400,68.8189,ICMP,161
239500,68.8402,UDP,,156
239600,68.8631,UDP,,158
239700,68.8931,UDP,,170
239800,68.9214,ICMP,163
239900,68.9625,ICMP,185
240000,68.9879,ICMP,191
240100,69.021,Raw IP,155
240200,69.0485,UDP,,178
240300,69.065,UDP,,185
240400,69.0951,UDP,,170
240500,69.1228,ICMP,163
240600,69.1636,ICMP,185
240700,69.1889,ICMP,158
240800,69.2221,ICMP,180
240900,69.2562,ICMP,161
241000,69.2685,UDP,,185
241100,69.2972,Raw IP,162
241200,69.3244,UDP,,174
241300,69.3646,Raw IP,176
241400,69.3901,ICMP,191
241500,69.4231,ICMP,180
241600,69.4572,ICMP,161
241700,69.4723,UDP,,186
241800,69.4992,ICMP,173
241900,69.5262,UDP,,161
242000,69.5657,ICMP,192
242100,69.592,ICMP,191
242200,69.6243,ICMP,188
242300,69.6514,Raw IP,146
242400,69.6691,UDP,,163
242500,69.7003,ICMP,171
242600,69.7307,UDP,,161
242700,69.7669,UDP,,186
242800,69.793,Raw IP,144
242900,69.8262,Raw IP,167
243000,69.8516,Raw IP,146
243100,69.8705,UDP,,184
243200,69.9014,ICMP,171
243300,69.9453,Raw IP,154
243400,69.9689,ICMP,197
243500,69.998,Raw IP,144
243600,70.0272,Raw IP,167
243700,70.055,UDP,,178
243800,70.0724,UDP,,184
243900,70.1024,ICMP,173
244000,70.1448,UDP,,179
244100,70.1697,ICMP,196
244200,70.199,Raw IP,144
244300,70.2284,ICMP,184
244400,70.2615,ICMP,161
244500,70.2747,UDP,,186
244600,70.3035,ICMP,171
244700,70.3474,Raw IP,154
244800,70.3708,ICMP,196
244900,70.4002,ICMP,163
245000,70.4298,UDP,,174
245100,70.4664,ICMP,199
245200,70.4889,ICMP,165
245300,70.511,ICMP,160
245400,70.5553,Raw IP,141
245500,70.5721,Raw IP,166
245600,70.6012,Raw IP,156
245700,70.6314,UDP,,174
245800,70.6652,UDP,,160
245900,70.6944,UDP,,190
246000,70.7126,ICMP,160
246100,70.7573,Raw IP,141
246200,70.7751,UDP,,179
246300,70.8025,Raw IP,156
246400,70.8326,ICMP,176
246500,70.8715,Raw IP,140
246600,70.891,ICMP,165
246700,70.9252,ICMP,199
246800,70.9577,UDP,,194
246900,70.9752,Raw IP,166
247000,71.0035,ICMP,206
247100,71.0345,ICMP,176
247200,71.0696,ICMP,199
247300,71.0989,Raw IP,143
247400,71.1321,ICMP,161
247500,71.1594,UDP,,178
247600,71.1772,Raw IP,166
247700,71.2073,Raw IP,162
247800,71.2375,ICMP,192
247900,71.2741,UDP,,160
248000,71.3041,Raw IP,143
248100,71.3332,ICMP,161
248200,71.3606,UDP,,194
248300,71.3783,ICMP,197
248400,71.4073,UDP,,170
248500,71.4385,ICMP,192
248600,71.4769,ICMP,185
248700,71.505,ICMP,182
248800,71.5348,Raw IP,155
248900,71.5616,Raw IP,141
249000,71.5793,ICMP,197
249100,71.6085,UDP,,170
249200,71.6397,ICMP,192
249300,71.6778,ICMP,192
249400,71.7061,ICMP,158
249500,71.736,Raw IP,155
249600,71.7694,ICMP,161
249700,71.7824,UDP,,185
249800,71.8099,Raw IP,173
249900,71.8405,UDP,,174
250000,71.879,Raw IP,176
250100,71.9083,ICMP,191
250200,71.9373,ICMP,188
250300,71.9706,UDP,,169
250400,71.9918,UDP,,185
250500,72.0115,Raw IP,162
250600,72.0418,UDP,,174
250700,72.08,ICMP,192
250800,72.1091,ICMP,191
250900,72.1384,ICMP,188
251000,72.1779,Raw IP,140
251100,72.2087,Raw IP,143
251200,72.2161,UDP,,170
251300,72.2451,UDP,,170
251400,72.2821,ICMP,192
251500,72.3102,Raw IP,144
251600,72.3395,Raw IP,167
251700,72.3665,UDP,,194
251800,72.3868,UDP,,158
251900,72.4146,ICMP,171
252000,72.4535,UDP,,174
252100,72.4833,UDP,,186
252200,72.5113,Raw IP,144
252300,72.5406,Raw IP,167
252400,72.5686,UDP,,194
252500,72.5881,UDP,,186
252600,72.6159,ICMP,171
252700,72.6647,UDP,,152
252800,72.6865,UDP,,190
252900,72.7128,Raw IP,144
253000,72.7417,ICMP,184
253100,72.7747,ICMP,161
253200,72.7897,UDP,,185
253300,72.8167,ICMP,171
253400,72.8654,UDP,,179
253500,72.886,UDP,,158
253600,72.9135,ICMP,163
253700,72.9453,UDP,,170
253800,72.9797,ICMP,199
253900,72.9925,UDP,,185
254000,73.0247,ICMP,160
254100,73.0667,UDP,,156
254200,73.0874,UDP,,185
254300,73.1148,Raw IP,156
254400,73.1466,ICMP,186
254500,73.1868,Raw IP,176
254600,73.2077,UDP,,190
254700,73.2256,ICMP,160
254800,73.2682,UDP,,169
254900,73.2902,UDP,,186
255000,73.3157,Raw IP,156
255100,73.3477,UDP,,174
255200,73.3824,UDP,,160
255300,73.4151,ICMP,158
255400,73.4384,ICMP,199
255500,73.4716,Raw IP,141
255600,73.4918,UDP,,163
255700,73.5168,Raw IP,156
255800,73.5488,UDP,,161
255900,73.5829,ICMP,199
256000,73.6156,Raw IP,143
256100,73.6453,ICMP,161
256200,73.6766,UDP,,169
256300,73.6933,Raw IP,166
256400,73.7185,UDP,,195
256500,73.7498,ICMP,176
256600,73.7898,Raw IP,140
256700,73.8172,ICMP,182
256800,73.8464,ICMP,161
256900,73.8737,UDP,,178
257000,73.8989,UDP,,184
257100,73.9211,Raw IP,162
257200,73.952,ICMP,192
257300,73.991,ICMP,185
257400,74.0183,ICMP,182
257500,74.0476,Raw IP,155
257600,74.0754,Raw IP,141
257700,74.0954,Raw IP,166
257800,74.1217,Raw IP,173
257900,74.1529,ICMP,163
258000,74.1924,ICMP,192
258100,74.2194,ICMP,158
258200,74.2486,ICMP,180
258300,74.2765,Raw IP,141
258400,74.2964,ICMP,197
258500,74.3238,Raw IP,162
258600,74.354,ICMP,163
258700,74.3939,ICMP,192
258800,74.4223,ICMP,191
258900,74.4498,ICMP,180
259000,74.484,UDP,,179
259100,74.4986,UDP,,190
259200,74.5243,Raw IP,162
259300,74.5557,UDP,,161
259400,74.595,ICMP,192
259500,74.6234,ICMP,191
259600,74.6517,Raw IP,167
259700,74.6797,UDP,,194
259800,74.7058,UDP,,185
259900,74.7268,ICMP,173
260000,74.7586,UDP,,170
260100,74.7962,ICMP,196
260200,74.8246,Raw IP,144
260300,74.8527,Raw IP,167
260400,74.8898,ICMP,161
260500,74.9165,UDP,,158
260600,74.9279,ICMP,171
260700,74.9798,Raw IP,141
260800,74.9971,ICMP,196
260900,75.0255,Raw IP,144
261000,75.0541,Raw IP,167
261100,75.084,UDP,,194
261200,75.1017,UDP,,186
261300,75.1348,UDP,,170
261400,75.1779,Raw IP,154
261500,75.1984,Raw IP,176
261600,75.2266,Raw IP,144
261700,75.2549,ICMP,184
261800,75.292,ICMP,199
261900,75.304,UDP,,186
262000,75.33,ICMP,171
262100,75.3789,UDP,,152
262200,75.4022,ICMP,197
262300,75.4277,ICMP,163
262400,75.4566,UDP,,170
262500,75.493,ICMP,199
262600,75.5089,UDP,,185
262700,75.5388,ICMP,160
262800,75.582,UDP,,169
262900,75.6015,UDP,,158
263000,75.6289,UDP,,170
263100,75.6594,ICMP,186
263200,75.6941,ICMP,161
263300,75.7194,ICMP,165
263400,75.7399,ICMP,160
263500,75.7848,UDP,,169
263600,75.8029,UDP,,190
263700,75.8299,Raw IP,156
263800,75.861,ICMP,176
263900,75.901,Raw IP,140
264000,75.9251,UDP,,186
264100,75.9566,ICMP,199
264200,75.9867,UDP,,152
264300,76.0042,UDP,,186
264400,76.031,ICMP,206
264500,76.0629,ICMP,176
264600,76.0982,UDP,,160
264700,76.1293,Raw IP,143
264800,76.1596,ICMP,161
264900,76.1889,Raw IP,141
265000,76.2054,Raw IP,144
265100,76.2321,ICMP,206
265200,76.2636,UDP,,174
265300,76.3031,Raw IP,140
265400,76.3307,ICMP,182
265500,76.3602,ICMP,161
265600,76.3962,UDP,,179
265700,76.4091,UDP,,185
265800,76.4348,Raw IP,173
265900,76.4661,ICMP,163
266000,76.5043,Raw IP,140
266100,76.5315,ICMP,182
266200,76.5627,Raw IP,155
266300,76.591,Raw IP,146
266400,76.6126,UDP,,190
266500,76.6359,Raw IP,162
266600,76.6671,ICMP,192
266700,76.7062,ICMP,192
266800,76.7327,ICMP,158
266900,76.7639,Raw IP,167
267000,76.795,UDP,,178
267100,76.8096,Raw IP,166
267200,76.8369,Raw IP,173
267300,76.8807,UDP,,170
267400,76.9074,ICMP,196
267500,76.9355,ICMP,191
267600,76.9648,ICMP,180
267700,76.997,Raw IP,141
267800,77.0107,Raw IP,166
267900,77.0381,Raw IP,162
268000,77.0693,ICMP,163
268100,77.1085,ICMP,196
268200,77.1369,Raw IP,144
268300,77.1659,ICMP,188
268400,77.1981,Raw IP,146
268500,77.2119,ICMP,197
268600,77.2401,ICMP,173
268700,77.2728,UDP,,174
268800,77.3093,ICMP,192
268900,77.3377,Raw IP,144
269000,77.3671,Raw IP,167
269100,77.4033,UDP,,156
269200,77.4198,UDP,,186
269300,77.4408,ICMP,173
269400,77.473,UDP,,161
269500,77.5105,ICMP,196
269600,77.5388,Raw IP,144
269700,77.5682,Raw IP,167
269800,77.6084,UDP,,178
269900,77.6368,Raw IP,143
270000,77.6444,UDP,,170
270100,77.6939,Raw IP,154
270200,77.7126,Raw IP,176
270300,77.7401,Raw IP,144
270400,77.7692,ICMP,184
270500,77.8051,ICMP,199
270600,77.8171,UDP,,186
270700,77.8496,UDP,,170
270800,77.8945,UDP,,152
270900,77.914,Raw IP,144
271000,77.941,ICMP,163
271100,77.9709,UDP,,170
271200,78.0062,ICMP,199
271300,78.0184,UDP,,185
271400,78.0553,ICMP,160
271500,78.1038,UDP,,194
271600,78.1194,UDP,,152
271700,78.1421,UDP,,170
271800,78.1731,ICMP,186
271900,78.2084,ICMP,161
272000,78.2326,ICMP,165
272100,78.2561,ICMP,160
272200,78.298,UDP,,169
272300,78.3174,UDP,,190
272400,78.3433,Raw IP,156
272500,78.3746,UDP,,174
272600,78.4152,ICMP,185
272700,78.4337,ICMP,165
272800,78.4713,ICMP,161
272900,78.499,UDP,,169
273000,78.5186,UDP,,184
273100,78.5443,ICMP,206
273200,78.5767,ICMP,176
273300,78.6165,UDP,,185
273400,78.6426,Raw IP,143
273500,78.6726,ICMP,199
273600,78.7022,UDP,,156
273700,78.7187,UDP,,186
273800,78.7454,ICMP,206
273900,78.7774,UDP,,174
274000,78.816,Raw IP,140
274100,78.8449,Raw IP,143
274200,78.8735,ICMP,199
274300,78.9111,Raw IP,141
274400,78.9251,UDP,,190
274500,78.9475,UDP,,170
274600,78.9793,ICMP,176
274700,79.0184,ICMP,185
274800,79.0452,ICMP,182
274900,79.076,Raw IP,155
275000,79.1122,Raw IP,146
275100,79.1373,UDP,,163
275200,79.1491,Raw IP,162
275300,79.1806,ICMP,176
275400,79.2195,ICMP,185
275500,79.2464,ICMP,158
275600,79.277,ICMP,180
275700,79.3092,UDP,,178
275800,79.3377,UDP,,185
275900,79.3507,UDP,,186
276000,79.3814,ICMP,163
276100,79.4207,ICMP,196
276200,79.4497,Raw IP,156
276300,79.4781,ICMP,180
276400,79.5137,ICMP,199
276500,79.524,UDP,,185
276600,79.5513,UDP,,170
276700,79.6005,UDP,,179
276800,79.6217,ICMP,192
276900,79.6508,Raw IP,156
277000,79.6791,ICMP,188
277100,79.7144,Raw IP,141
277200,79.7251,UDP,,185
277300,79.7537,UDP,,170
277400,79.7837,ICMP,163
277500,79.8246,Raw IP,176
277600,79.852,Raw IP,144
277700,79.8804,Raw IP,167
277800,79.9197,ICMP,161
277900,79.9312,UDP,,186
278000,79.9553,ICMP,173
278100,79.9861,UDP,,161
278200,80.0267,Raw IP,166
278300,80.0531,Raw IP,144
278400,80.0814,Raw IP,167
278500,80.1202,UDP,,156
278600,80.1301,UDP,,158
278700,80.1564,ICMP,171
278800,80.2054,UDP,,179
278900,80.2255,UDP,,190
279000,80.2541,Raw IP,144
279100,80.2825,ICMP,184
279200,80.3223,ICMP,161
279300,80.3433,ICMP,165
279400,80.3641,UDP,,170
279500,80.4092,Raw IP,154
279600,80.4272,UDP,,163
279700,80.4552,Raw IP,144
279800,80.4846,ICMP,186
279900,80.5206,UDP,,194
280000,80.5324,UDP,,185
280100,80.5682,ICMP,160
280200,80.6102,Raw IP,154
280300,80.629,Raw IP,176
280400,80.6563,ICMP,163
280500,80.6856,ICMP,186
280600,80.7244,ICMP,161
280700,80.7459,ICMP,165
280800,80.7693,ICMP,160
280900,80.8164,UDP,,152
281000,80.8309,ICMP,197
281100,80.8574,ICMP,163
281200,80.8875,UDP,,170
281300,80.9259,UDP,,160
281400,80.9469,ICMP,165
281500,80.985,ICMP,199
281600,81.0159,UDP,,152
281700,81.0313,UDP,,158
281800,81.0606,ICMP,206
281900,81.0904,ICMP,176
282000,81.129,UDP,,158
282100,81.1564,Raw IP,143
282200,81.1862,ICMP,161
282300,81.2164,UDP,,156
282400,81.2329,Raw IP,144
282500,81.2615,ICMP,206
282600,81.2915,ICMP,192
282700,81.3308,ICMP,196
282800,81.3579,ICMP,182
282900,81.3871,ICMP,161
283000,81.4183,UDP,,169
283100,81.4342,Raw IP,166
283200,81.4633,ICMP,173
283300,81.4925,ICMP,176
283400,81.5313,UDP,,190
283500,81.5591,ICMP,182
283600,81.5897,Raw IP,155
283700,81.6221,UDP,,178
283800,81.6375,UDP,,160
283900,81.6645,Raw IP,162
284000,81.6937,ICMP,163
284100,81.7329,UDP,,163
284200,81.7601,ICMP,182
284300,81.7919,ICMP,180
284400,81.8255,Raw IP,141
284500,81.8384,UDP,,163
284600,81.8654,Raw IP,173
284700,81.8948,ICMP,163
284800,81.9338,ICMP,192
284900,81.9645,Raw IP,156
285000,81.9928,ICMP,180
285100,82.0266,Raw IP,141
285200,82.0491,UDP,,163
285300,82.0665,Raw IP,162
285400,82.1009,UDP,,170
285500,82.1362,UDP,,185
285600,82.166,Raw IP,156
285700,82.1944,ICMP,188
285800,82.2275,Raw IP,141
285900,82.2397,UDP,,163
286000,82.2676,Raw IP,162
286100,82.3101,UDP,,174
286200,82.3368,UDP,,158
286300,82.3671,ICMP,191
286400,82.3955,Raw IP,167
286500,82.4287,Raw IP,141
286600,82.441,UDP,,184
286700,82.4696,ICMP,171
286800,82.501,UDP,,170
286900,82.5388,Raw IP,176
287000,82.5684,Raw IP,144
287100,82.5966,Raw IP,167
287200,82.6374,UDP,,158
287300,82.6499,UDP,,190
287400,82.6706,ICMP,171
287500,82.7186,UDP,,179
287600,82.7399,UDP,,158
287700,82.7693,Raw IP,144
287800,82.7976,ICMP,184
287900,82.8355,Raw IP,146
288000,82.8449,UDP,,186
288100,82.8722,UDP,,170
288200,82.9257,Raw IP,154
288300,82.9409,Raw IP,176
288400,82.9704,Raw IP,144
288500,82.9987,ICMP,186
288600,83.0396,ICMP,161
288700,83.0599,UDP,,160
288800,83.0815,ICMP,160
288900,83.1264,Raw IP,154
289000,83.1422,UDP,,185
289100,83.1715,ICMP,163
289200,83.1998,ICMP,186
289300,83.2408,ICMP,161
289400,83.2591,ICMP,165
289500,83.2871,UDP,,170
289600,83.3334,UDP,,179
289700,83.3442,Raw IP,144
289800,83.3731,ICMP,163
289900,83.4026,ICMP,176
290000,83.4427,UDP,,190
290100,83.4602,ICMP,165
290200,83.5012,ICMP,180
290300,83.5362,UDP,,156
290400,83.5565,UDP,,152
290500,83.5746,ICMP,206
290600,83.6047,ICMP,163
290700,83.644,UDP,,163
290800,83.672,Raw IP,143
290900,83.7023,ICMP,199
291000,83.7327,UDP,,169
291100,83.7468,UDP,,190
291200,83.7759,ICMP,206
291300,83.8053,ICMP,192
291400,83.8449,Raw IP,140
291500,83.8726,ICMP,182
291600,83.9034,ICMP,199
291700,83.9366,UDP,,156
291800,83.9488,UDP,,158
291900,83.9771,ICMP,173
292000,84.0068,ICMP,192
292100,84.046,Raw IP,140
292200,84.0742,ICMP,182
292300,84.1047,ICMP,161
292400,84.1401,UDP,,169
292500,84.149,UDP,,163
292600,84.1786,Raw IP,173
292700,84.2079,ICMP,192
292800,84.2471,ICMP,192
292900,84.2754,ICMP,158
293000,84.3056,Raw IP,155
293100,84.343,Raw IP,146
293200,84.3547,UDP,,194
293300,84.3809,Raw IP,162
293400,84.4089,ICMP,163
293500,84.4483,ICMP,192
293600,84.4781,Raw IP,156
293700,84.5076,Raw IP,155
293800,84.5481,ICMP,185
293900,84.5655,ICMP,165
294000,84.5818,Raw IP,162
294100,84.6104,UDP,,170
294200,84.65,UDP,,186
294300,84.6802,ICMP,191
294400,84.7096,ICMP,188
294500,84.7437,Raw IP,141
294600,84.7666,ICMP,165
294700,84.7829,ICMP,171
294800,84.8162,UDP,,161
294900,84.8511,ICMP,196
295000,84.8813,Raw IP,156
295100,84.9108,Raw IP,167
295200,84.9448,Raw IP,141
295300,84.9559,UDP,,158
295400,84.984,ICMP,171
295500,85.0374,Raw IP,154
295600,85.079,Raw IP,143
295700,85.0924,UDP,,185
295800,85.1118,Raw IP,167
295900,85.1478,Raw IP,141
296000,85.1579,UDP,,185
296100,85.185,ICMP,171
296200,85.2385,Raw IP,154
296300,85.2542,Raw IP,144
296400,85.2836,Raw IP,144
296500,85.3129,ICMP,184
296600,85.3527,ICMP,185
296700,85.3637,UDP,,158
296800,85.3884,UDP,,170
296900,85.4397,UDP,,156
297000,85.4553,Raw IP,176
297100,85.4846,Raw IP,144
297200,85.514,ICMP,186
297300,85.5541,ICMP,185
297400,85.5655,UDP,,185
297500,85.6016,ICMP,160
297600,85.6413,UDP,,169
297700,85.6565,ICMP,196
297800,85.6862,UDP,,195
297900,85.7151,ICMP,186
298000,85.756,ICMP,161
298100,85.7831,Raw IP,143
298200,85.8047,ICMP,160
298300,85.8456,UDP,,152
298400,85.8585,UDP,,190
298500,85.8886,ICMP,163
298600,85.9167,UDP,,174
298700,85.957,UDP,,158
298800,85.9727,ICMP,165
298900,86.0155,ICMP,199
299000,86.0514,UDP,,156
299100,86.0596,UDP,,178
299200,86.091,UDP,,170
299300,86.1189,ICMP,176
299400,86.158,ICMP,161
299500,86.1852,Raw IP,143
299600,86.2165,ICMP,199
299700,86.2536,Raw IP,146
299800,86.2639,UDP,,185
299900,86.293,ICMP,173
300000,86.32,ICMP,192
300100,86.3592,ICMP,192
300200,86.3863,ICMP,182
300300,86.4176,ICMP,199
300400,86.4481,UDP,,178
300500,86.4617,UDP,,190
300600,86.4937,ICMP,173
300700,86.5211,ICMP,163
300800,86.5611,Raw IP,144
300900,86.5878,ICMP,182
301000,86.6195,ICMP,161
301100,86.65,UDP,,178
301200,86.6634,UDP,,163
301300,86.6949,ICMP,173
301400,86.7222,ICMP,163
301500,86.7622,ICMP,196
301600,86.7896,UDP,,186
301700,86.8209,Raw IP,167
301800,86.8525,UDP,,178
301900,86.867,UDP,,186
302000,86.8969,ICMP,173
302100,86.9233,ICMP,163
302200,86.9632,Raw IP,140
302300,86.9924,ICMP,191
302400,87.0217,Raw IP,155
302500,87.0578,UDP,,194
302600,87.0721,UDP,,194
302700,87.098,Raw IP,173
302800,87.1246,UDP,,170
302900,87.1645,ICMP,196
303000,87.1934,ICMP,191
303100,87.2231,ICMP,188
303200,87.2638,ICMP,185
303300,87.2786,UDP,,158
303400,87.2991,Raw IP,162
303500,87.3307,UDP,,174
303600,87.3654,ICMP,196
303700,87.3946,Raw IP,156
303800,87.4241,Raw IP,167
303900,87.461,Raw IP,146
304000,87.486,UDP,,190
304100,87.5002,ICMP,171
304200,87.5363,UDP,,170
304300,87.5664,ICMP,196
304400,87.5957,Raw IP,144
304500,87.625,Raw IP,167
304600,87.662,Raw IP,141
304700,87.6713,UDP,,186
304800,87.7012,ICMP,171
304900,87.7518,Raw IP,154
305000,87.7676,Raw IP,144
305100,87.797,ICMP,191
305200,87.8262,ICMP,184
305300,87.8635,UDP,,194
305400,87.8738,UDP,,184
305500,87.9023,ICMP,171
305600,87.9529,UDP,,156
305700,87.969,Raw IP,144
305800,88.0026,ICMP,163
305900,88.0278,UDP,,170
306000,88.067,ICMP,185
306100,88.0806,UDP,,185
306200,88.1219,ICMP,160
306300,88.1546,UDP,,169
306400,88.1705,Raw IP,176
306500,88.2011,UDP,,195
306600,88.2301,ICMP,186
306700,88.2691,ICMP,192
306800,88.2856,ICMP,165
306900,88.3227,ICMP,160
307000,88.3564,UDP,,152
307100,88.3716,Raw IP,144
307200,88.4022,UDP,,195
307300,88.4312,ICMP,176
307400,88.4701,ICMP,161
307500,88.4931,UDP,,194
307600,88.5287,ICMP,199
307700,88.5587,UDP,,169
307800,88.5729,Raw IP,144
307900,88.6058,ICMP,163
308000,88.6323,ICMP,176
308100,88.6712,ICMP,161
308200,88.698,Raw IP,143
308300,88.7297,ICMP,180
308400,88.7598,UDP,,152
308500,88.7745,UDP,,160
308600,88.8069,ICMP,206
308700,88.8333,ICMP,176
308800,88.8724,ICMP,161
308900,88.9001,ICMP,182
309000,88.9321,Raw IP,167
309100,88.9688,Raw IP,146
309200,88.9893,ICMP,165
309300,89.0141,ICMP,171
309400,89.0345,ICMP,163
309500,89.0733,ICMP,192
309600,89.1016,ICMP,182
309700,89.1329,ICMP,180
309800,89.1632,UDP,,178
309900,89.1764,UDP,,158
310000,89.2241,ICMP,173
310100,89.2355,ICMP,163
310200,89.2755,UDP,,163
310300,89.3027,ICMP,158
310400,89.3341,Raw IP,155
310500,89.3659,UDP,,178
310600,89.3778,UDP,,163
310700,89.4252,Raw IP,173
310800,89.447,UDP,,174
310900,89.4775,Raw IP,176
311000,89.5089,ICMP,191
311100,89.5351,Raw IP,155
311200,89.5701,ICMP,199
311300,89.5795,UDP,,163
311400,89.6267,Raw IP,173
311500,89.6389,UDP,,161
311600,89.6774,Raw IP,140
311700,89.7092,ICMP,191
311800,89.737,ICMP,188
311900,89.7732,UDP,,194
312000,89.7854,UDP,,194
312100,89.8278,Raw IP,162
312200,89.8408,UDP,,170
312300,89.8803,ICMP,196
312400,89.9108,Raw IP,156
312500,89.9381,Raw IP,167
312600,89.978,UDP,,158
312700,89.9911,UDP,,160
312800,90.0289,ICMP,171
312900,90.0467,UDP,,161
313000,90.0816,Raw IP,176
313100,90.112,Raw IP,144
313200,90.1392,Raw IP,167
313300,90.1753,Raw IP,141
313400,90.2023,UDP,,190
313500,90.2302,ICMP,171
313600,90.265,Raw IP,154
313700,90.2819,UDP,,186
313800,90.3131,Raw IP,144
313900,90.3403,Raw IP,167
314000,90.377,UDP,,194
314100,90.3878,UDP,,185
314200,90.4338,ICMP,160
314300,90.4662,UDP,,156
314400,90.4877,Raw IP,176
314500,90.5141,Raw IP,144
314600,90.5422,ICMP,184
314700,90.5795,UDP,,194
314800,90.5899,UDP,,185
314900,90.6344,ICMP,160
315000,90.6679,UDP,,169
315100,90.6889,ICMP,197
315200,90.7254,UDP,,195
315300,90.7433,ICMP,186
315400,90.785,UDP,,158
315500,90.8016,UDP,,184
315600,90.8357,UDP,,170
315700,90.8693,UDP,,152
315800,90.8874,UDP,,158
315900,90.9183,UDP,,195
316000,90.9445,ICMP,176
316100,90.9836,ICMP,192
316200,91.0065,UDP,,185
316300,91.0429,ICMP,161
316400,91.0735,UDP,,169
316500,91.0895,UDP,,186
316600,91.1346,ICMP,173
316700,91.1454,ICMP,176
316800,91.1846,ICMP,192
316900,91.2156,ICMP,182
317000,91.2441,Raw IP,155
317100,91.273,UDP,,152
317200,91.292,Raw IP,176
317300,91.336,Raw IP,173
317400,91.3467,ICMP,192
317500,91.3857,ICMP,192
317600,91.4168,Raw IP,143
317700,91.445,Raw IP,155
317800,91.4851,Raw IP,146
317900,91.4946,UDP,,156
318000,91.5368,ICMP,163
318100,91.548,UDP,,170
318200,91.5873,UDP,,160
318300,91.6178,Raw IP,143
318400,91.6462,Raw IP,155
318500,91.6861,Raw IP,146
318600,91.7036,ICMP,165
318700,91.738,ICMP,206
318800,91.7495,ICMP,163
318900,91.7887,Raw IP,140
319000,91.8189,ICMP,158
319100,91.8473,ICMP,199
319200,91.8822,ICMP,199
319300,91.8951,Raw IP,144
319400,91.9392,Raw IP,173
319500,91.9577,UDP,,161
319600,91.994,UDP,,163
319700,92.0218,ICMP,191
319800,92.0484,ICMP,199
319900,92.0833,ICMP,199
320000,92.0963,Raw IP,144
320100,92.1402,Raw IP,173
320200,92.1601,UDP,,174
320300,92.1967,ICMP,196
320400,92.2229,ICMP,191
320500,92.2502,ICMP,188
320600,92.2888,Raw IP,146
320700,92.298,ICMP,197
320800,92.3413,Raw IP,162
320900,92.3545,UDP,,174
321000,92.3928,UDP,,158
321100,92.424,Raw IP,156
321200,92.4513,Raw IP,167
321300,92.4898,UDP,,178
321400,92.5094,UDP,,185
321500,92.5431,ICMP,171
321600,92.5567,ICMP,163
321700,92.5945,UDP,,190
321800,92.6251,Raw IP,144
321900,92.6525,Raw IP,167
322000,92.6935,ICMP,161
322100,92.7112,UDP,,163
322200,92.745,ICMP,171
322300,92.7783,Raw IP,154
322400,92.7978,UDP,,158
322500,92.8262,Raw IP,144
322600,92.8547,UDP,,170
322700,92.8931,UDP,,194
322800,92.9149,UDP,,185
322900,92.9474,ICMP,160
323000,92.9803,UDP,,169
323100,93.0009,Raw IP,144
323200,93.0273,Raw IP,144
323300,93.0567,UDP,,161
323400,93.0949,UDP,,194
323500,93.1091,UDP,,184
323600,93.1482,ICMP,160
323700,93.1862,UDP,,169
323800,93.2028,ICMP,197
323900,93.2288,UDP,,195
324000,93.2575,ICMP,186
324100,93.2972,UDP,,194
324200,93.3122,ICMP,165
324300,93.3497,UDP,,170
324400,93.3835,UDP,,152
324500,93.4039,Raw IP,166
324600,93.448,ICMP,163
324700,93.4586,ICMP,186
324800,93.4987,ICMP,161
324900,93.5153,UDP,,185
325000,93.5566,ICMP,180
325100,93.5859,UDP,,169
325200,93.6038,UDP,,160
325300,93.6489,ICMP,163
325400,93.6606,ICMP,192
325500,93.6999,Raw IP,140
325600,93.7289,ICMP,182
325700,93.7573,ICMP,180
325800,93.7872,UDP,,152
325900,93.8046,ICMP,196
326000,93.85,ICMP,173
326100,93.8616,ICMP,176
326200,93.9008,ICMP,192
326300,93.93,Raw IP,143
326400,93.9584,Raw IP,155
326500,93.9927,UDP,,156
326600,94.0061,Raw IP,176
326700,94.0511,ICMP,173
326800,94.0627,ICMP,192
326900,94.102,ICMP,192
327000,94.1311,Raw IP,143
327100,94.1595,ICMP,199
327200,94.1945,ICMP,199
327300,94.2083,Raw IP,166
327400,94.2522,ICMP,206
327500,94.2641,UDP,,170
327600,94.303,ICMP,192
327700,94.3322,Raw IP,143
327800,94.3605,ICMP,199
327900,94.4009,UDP,,158
328000,94.4194,UDP,,185
328100,94.4534,Raw IP,173
328200,94.4696,UDP,,174
328300,94.5076,UDP,,190
328400,94.5362,ICMP,191
328500,94.5616,ICMP,199
328600,94.5994,UDP,,178
328700,94.6101,UDP,,185
328800,94.6594,Raw IP,173
328900,94.6774,UDP,,161
329000,94.7098,ICMP,196
329100,94.7366,ICMP,191
329200,94.7646,ICMP,188
329300,94.8035,Raw IP,146
329400,94.8113,ICMP,197
329500,94.8603,Raw IP,173
329600,94.8738,ICMP,163
329700,94.9109,ICMP,196
329800,94.9382,Raw IP,156
329900,94.9656,Raw IP,167
330000,95.0046,Raw IP,146
330100,95.0124,Raw IP,166
330200,95.0615,Raw IP,162
330300,95.0749,ICMP,163
330400,95.1086,UDP,,163
330500,95.1394,Raw IP,144
330600,95.1675,ICMP,184
330700,95.2057,Raw IP,141
330800,95.2146,UDP,,185
330900,95.265,Raw IP,162
331000,95.2935,Raw IP,154
331100,95.3106,UDP,,158
331200,95.3404,Raw IP,144
331300,95.3687,ICMP,184
331400,95.4088,ICMP,185
331500,95.4259,UDP,,185
331600,95.4661,ICMP,171
331700,95.4946,UDP,,169
331800,95.5128,UDP,,160
331900,95.5415,Raw IP,144
332000,95.5697,ICMP,184
332100,95.6085,UDP,,194
332200,95.6263,ICMP,165
332300,95.6672,ICMP,161
332400,95.7044,ICMP,199
332500,95.7168,ICMP,197
332600,95.745,UDP,,195
332700,95.7708,ICMP,186
332800,95.8108,ICMP,185
332900,95.8273,ICMP,165
333000,95.8688,ICMP,161
333100,95.9027,UDP,,152
333200,95.9183,Raw IP,166
333300,95.9528,UDP,,195
333400,95.9727,ICMP,176
333500,96.0121,ICMP,185
333600,96.0286,ICMP,165
333700,96.0704,ICMP,180
333800,96.1002,UDP,,169
333900,96.1204,Raw IP,166
334000,96.1699,ICMP,160
334100,96.1738,ICMP,176
334200,96.2133,ICMP,192
334300,96.2417,ICMP,182
334400,96.2715,ICMP,180
334500,96.3013,UDP,,152
334600,96.32,UDP,,186
334700,96.3711,ICMP,163
334800,96.3817,ICMP,163
334900,96.4152,UDP,,158
335000,96.4428,Raw IP,143
335100,96.4735,Raw IP,155
335200,96.5035,UDP,,156
335300,96.5222,ICMP,196
335400,96.5721,ICMP,163
335500,96.5765,ICMP,192
335600,96.6162,ICMP,192
335700,96.6462,UDP,,186
335800,96.6747,ICMP,199
335900,96.71,UDP,,179
336000,96.7235,Raw IP,166
336100,96.7733,ICMP,173
336200,96.7779,ICMP,192
336300,96.8172,ICMP,192
336400,96.8463,ICMP,158
336500,96.8758,ICMP,188
336600,96.9135,UDP,,178
336700,96.9254,Raw IP,166
336800,96.9752,ICMP,206
336900,96.979,ICMP,192
337000,97.0184,Raw IP,140
337100,97.0508,ICMP,191
337200,97.077,ICMP,188
337300,97.1162,UDP,,158
337400,97.1353,UDP,,190
337500,97.1757,ICMP,206
337600,97.1859,ICMP,163
337700,97.2227,UDP,,190
337800,97.2527,Raw IP,144
337900,97.2787,Raw IP,167
338000,97.3177,Raw IP,146
338100,97.3299,UDP,,190
338200,97.3773,Raw IP,173
338300,97.3885,UDP,,170
338400,97.4273,UDP,,190
338500,97.4534,Raw IP,156
338600,97.4798,Raw IP,167
338700,97.5188,Raw IP,146
338800,97.5287,ICMP,197
338900,97.5803,Raw IP,162
339000,97.5967,UDP,,174
339100,97.629,Raw IP,176
339200,97.6546,Raw IP,144
339300,97.6813,ICMP,184
339400,97.7207,UDP,,158
339500,97.7304,UDP,,185
339600,97.7809,Raw IP,162
339700,97.8067,Raw IP,154
339800,97.8251,UDP,,190
339900,97.8557,Raw IP,144
340000,97.8828,ICMP,184
340100,97.9215,UDP,,178
340200,97.9309,Raw IP,166
340300,97.9824,Raw IP,162
340400,98.0079,UDP,,152
340500,98.0284,UDP,,190
340600,98.0567,Raw IP,144
340700,98.084,UDP,,161
340800,98.1242,ICMP,185
340900,98.1398,UDP,,184
341000,98.1835,ICMP,161
341100,98.2093,UDP,,179
341200,98.2285,UDP,,186
341300,98.2582,UDP,,195
341400,98.285,ICMP,186
341500,98.325,ICMP,185
341600,98.3418,UDP,,184
341700,98.3846,ICMP,161
341800,98.4131,UDP,,152
341900,98.4343,Raw IP,144
342000,98.4613,UDP,,195
342100,98.4861,ICMP,186
342200,98.5263,ICMP,161
342300,98.5416,ICMP,165
342400,98.5856,ICMP,161
342500,98.6233,UDP,,156
342600,98.6354,ICMP,197
342700,98.6831,ICMP,163
342800,98.6882,ICMP,176
342900,98.7275,ICMP,192
343000,98.7554,ICMP,182
343100,98.7867,ICMP,180
343200,98.8146,UDP,,152
343300,98.8366,Raw IP,144
343400,98.8842,ICMP,160
343500,98.8893,ICMP,192
343600,98.9287,Raw IP,140
343700,98.9565,Raw IP,143
343800,98.9879,ICMP,180
343900,99.0212,UDP,,156
344000,99.0375,Raw IP,144
344100,99.0849,ICMP,160
344200,99.0985,UDP,,174
344300,99.1321,UDP,,158
344400,99.1577,Raw IP,143
344500,99.189,ICMP,199
344600,99.2255,ICMP,199
344700,99.2375,UDP,,186
344800,99.286,ICMP,173
344900,99.2947,UDP,,174
345000,99.3318,Raw IP,140
345100,99.3632,UDP,,190
345200,99.3901,ICMP,199
345300,99.4264,ICMP,199
345400,99.4396,Raw IP,176
345500,99.4889,ICMP,206
345600,99.4943,UDP,,170
345700,99.5333,Raw IP,140
345800,99.5645,ICMP,191
345900,99.5912,ICMP,188
346000,99.6319,Raw IP,146
346100,99.6452,UDP,,185
346200,99.6905,ICMP,206
346300,99.6957,UDP,,170
346400,99.7343,Raw IP,140
346500,99.7656,ICMP,191
346600,99.7923,UDP,,170
346700,99.833,Raw IP,146
346800,99.8518,UDP,,185
346900,99.8916,Raw IP,173
347000,99.9083,UDP,,161
347100,99.9362,UDP,,190
347200,99.9687,Raw IP,156
347300,99.9943,ICMP,184
347400,100.034,ICMP,192
347500,100.071,ICMP,191
347600,100.133,UDP,,169
347700,100.149,UDP,,194
347800,100.222,UDP,,169
347900,100.292,ICMP,160
348000,100.339,UDP,,194
